OID,Individual,Old name,,Code,Number,Date,D30,DBH,Ht,Lower leaf,Bark1,Bark2,Bark3,Light ,Comments,Light ,Comments,
111,AEVE1,,,AEVE,1,6/15/2017,9.2,9,380,220,19.15,19.05,21.35,4,,4,,
451,AEVE2,,,AEVE,2,8/5/2017,7.1,6,290,200,13.87,13.99,15.85,4,,4,,
156,AEVE3,,,AEVE,3,6/14/2017,7.3,5.5,325,140,8.18,9,9.06,5,,5,,
284,AEVE4,AEVE-A,,AEVE,4,6/16/2017,6.5,"1.5,1.7",200,50,3.5,3.26,2.41,5,5105,5,5105,
173,AEVE5,,,AEVE,5,6/21/2017,8.9,7.1,545,340,10.98,10.97,10.95,5,,5,,
470,AEVE6,,,AEVE,6,8/3/2017,7,6.7,477,327,7.52,6.77,7.6,4,,4,,
7,ALED1,,,ALED,1,6/23/2017,"1.9, 1.8",".8, .9",150,10,2.8,1.66,2.04,4,,4,,
9,ALED2,,,ALED,2,6/23/2017,8.6,6.8,430,130,3.7,3.85,4.38,4,,4,,
304,ALED3,,,ALED,3,7/11/2017,2.14,1.16,250,140,1.72,1.18,1.54,4,,4,,
369,ALED4,,,ALED,4,7/15/2017,2,1.1,294,40,0.64,NA,NA,2,2775,2,2775,
433,ALED5,,,ALED,5,7/27/2017,5.8,5.3,618,177,3.7,3.93,4.93,3,4947,3,4947,
175,AMIN1,,,AMIN,1,6/21/2017,2.3,2.2,250,100,1.8,1.78,2.2,3,,3,,
177,AMIN2,,,AMIN,2,6/21/2017,"3.2,2.1","2.2,1.6",245,60,1.2,1.15,1.12,4,,4,,
214,AMIN3,,,AMIN,3,6/20/2017,2.98,2.22,295,60,1.86,2.17,4.01,3,Labeled FAMO1 in field,3,Labeled FAMO1 in field,
215,AMIN4,,,AMIN,4,6/20/2017,1.48,0.42,174,35,1.08,NA,NA,3,labeled FAMO2 in field,3,labeled FAMO2 in field,
384,AMIN5,,,AMIN,5,7/20/2017,7.6,6.2,890,412,3.5,4.24,4.7,4,3866,4,3866,
386,AMIN6,,,AMIN,6,7/20/2017,9,7.8,850,330,3.2,3.15,3.32,3,3872,3,3872,
479,AMIN-B1,,Bonus,AMIN,,8/7/2017,15.5,NA,NA,NA,4.44,5.77,6.4,NA,4188,NA,4188,
486,AMIN-B2,,Bonus,AMIN,,8/7/2017,9,NA,NA,NA,4.93,4.51,3.35,NA,,NA,,
343,ANCA1,,,ANCA,1,7/14/2017,27.3,24.1,1000,636,8.14,NA,NA,4,,4,,
435,ANCA2,,,ANCA,2,7/27/2017,9.1,8.7,1300,900,7.99,9.28,8.56,4,4739,4,4739,
112,ANCO1,Annona3-1,,ANCO,1,6/15/2017,9.2,8.5,450,300,10.94,7.9,9.42,5,,5,,
132,ANCO2,Annona3-2,,ANCO,2,6/15/2017,14.2,"10.8,7.7",560,230,10.9,15,9.3,5,,5,,
183,ANCO3,,,ANCO,3,6/20/2017,5.7,4,210,20,9.18,10.89,10.66,4,,4,,
22,ANCO4,,,ANCO,4,6/23/2017,3.6,3,290,100,5.64,5.92,5.63,5,,5,,
24,ANCO5,,,ANCO,5,6/23/2017,12,10.8,520,190,8.78,10.24,11.33,5,,5,,
39,ANCO6,,,ANCO,6,6/29/2017,5.1,3.8,215,140,6.34,7.74,7.61,4,,4,,
98,ANCR1,Annona1-1,,ANCR,1,6/15/2017,15.5,"10.7,9.5",560,260,32.93,31.23,25.3,4,,4,,
97,ANCR2,Annona1-2,,ANCR,2,6/15/2017,21.5,16.5,690,150,29.4,20.26,34.56,4,,4,,
92,ANCR3,Annona1-3,,ANCR,3,6/15/2017,14.9,"10,10.5",390,120,18.9,17.2,18.6,4,,4,,
123,ANCR4,Annona 1-4,,ANCR,4,6/15/2017,11.8,"7.5,9.1",390,120,26.2,22.02,22.27,5,,5,,
270,ANCR5,ANCR-A,,ANCR,5,6/15/2017,8.6,7,400,180,21.3,26.35,20.01,,1324,,1324,
149,ANCR6,Annona1-6,,ANCR,6,6/14/2017,17.7,16.7,595,286,26.5,24.3,23.3,5,,5,,
139,ANCR7,Annona1-7,,ANCR,7,6/14/2017,22.7,"14.3,10.1",535,122,27.5,24.3,27.6,5,,5,,
120,ANDI1,Annona2-1,,ANDI,1,6/15/2017,3,0.5,150,20,3.93,3.14,2.67,3,,3,,
163,ANDI2,Annona2-2,,ANDI,2,6/14/2017,3.3,".6,.4,.7",169,40,1.98,2.33,1.58,4,,4,,
316,ANDI3,,,ANDI,3,7/5/2017,0.88,NA,115,70,1.29,NA,NA,3,,3,,
424,ANDI4,,,ANDI,4,7/26/2017,"3.7,2.6,2.5,2,1.9",".5,.5,.5,.5,.5,.5,.5,.5,.5",170,40,2.57,NA,NA,4,,4,,
446,ANDI5,,,ANDI,5,8/4/2017,"1.32,1.28,1.25,1.1,1.1,.9,.9",".6,.5,.3",180,110,1.45,NA,NA,4,,4,,
392,ANFA1,,,ANFA,1,7/20/2017,15.7,13.5,695,550,25.18,37.66,34.8,4,3945,4,3945,
391,ANFA2,,,ANFA,2,7/20/2017,18.5,16.6,780,610,18.84,20.08,27.9,4,,4,,
394,ANFA3,,,ANFA,3,7/20/2017,10.8,9.7,545,400,25.4,26.61,32.88,4,3939,4,3939,
390,ANFA4,,,ANFA,4,7/20/2017,24.8,22.4,990,630,32.59,54.9,32.41,5,3907,5,3907,
393,ANFA5,,,ANFA,5,7/20/2017,14.6,12.1,670,390,31.21,32.03,30.79,4,3940,4,3940,
480,ANFA-B1,,Bonus,ANFA,,8/7/2017,26,NA,NA,NA,54.25,56,46.91,NA,4174,NA,4174,
535,ANFA-B2,,Bonus,ANFA,,8/10/2017,46.5,44.8,NA,NA,41.09,46.62,NA,5,,5,,
147,BADR1,,,BADR,1,6/14/2017,1.37,0.7,232,105,0.71,NA,NA,4,,4,,
410,BADR2,,,BADR,2,7/18/2017,1.72,0.33,170,40,1.01,NA,NA,4,,4,,
411,BADR3,,,BADR,3,7/18/2017,1.26,0.6,220,130,0.61,NA,NA,3,,3,,
412,BADR4,,,BADR,4,7/18/2017,0.63,0.38,170,70,0.4,NA,NA,4,,4,,
413,BADR5,,,BADR,5,7/18/2017,0.9,0.34,180,110,0.073,NA,NA,4,,4,,
427,BADR6,,,BADR,6,7/26/2017,3.25,"1.85,1.3,1.8,1.46",304,207,2.8,2.73,2.15,5,,5,,
431,BALO1,,,BALO,1,7/27/2017,12.4,"10.4,7.9",680,450,6.96,4.6,4.46,3,,3,,
468,BALO2,,,BALO,2,8/3/2017,5.5,4.6,451,278,2.68,4.02,4.08,3,,3,,
440,BALO3,,,BALO,3,8/4/2017,4.5,5.1,493,319,3.86,3.14,2.77,4,,4,,
441,BALO4,,,BALO,4,8/4/2017,4.5,3.5,400,290,4.44,3.43,2.99,4,,4,,
445,BALO5,,,BALO,5,8/4/2017,7,6,646,275,4.46,5.89,5.31,4,,4,,
466,BALOB1,,Bonus,BALO,,8/3/2017,18.5,17.2,1500,900,4.08,4.95,4.88,5,2077,5,2077,
14,BARU1,,,BARU,1,6/23/2017,0.9,0.6,140,80,0.46,NA,NA,4,,4,,
20,BARU2,,,BARU,2,6/23/2017,1.3,".8, .8, .7",190,50,0.56,NA,NA,4,,4,,
23,BARU3,,,BARU,3,6/23/2017,1.4,".8, .7",180,60,3.65,2.11,2.47,4,,4,,
186,BARU4,Unk. Fab. ,,BARU,4,6/20/2017,4,3.5,395,255,2.02,NA,NA,5,,5,,
295,BARU5,,,BARU,5,7/11/2017,1.11,0.4,165,120,0.97,NA,NA,3,,3,,
203,BOVI1,,,BOVI,1,6/20/2017,2.98,2.01,231,135,5.38,6.36,6.4,4,,4,,
218,BOVI2,,,BOVI,2,6/20/2017,2.615,NA,120,70,5.74,4.86,5.77,4,,4,,
64,BOVI3,,,BOVI,3,6/29/2017,1.26,NA,65,22,3.15,NA,NA,3,,3,,
67,BOVI4,,,BOVI,4,6/29/2017,2.9,1.3,181,95,7.02,7.61,7.5,4,,4,,
69,BOVI5,,,BOVI,5,6/29/2017,6.5,5.4,265,60,14.71,16.28,12.14,3,,3,,
269,BYBA1,BYBA-A,,BYBA,1,6/15/2017,5.9,5.3,500,190,10.32,10.73,9.85,,1056 or maybe 1052?,,1056 or maybe 1052?,
12,BYCO1,,,BYCO,1,6/23/2017,4.6,2.2,200,80,7.91,8.06,9.37,4,Changed name to BYBA-A to match other data sheets. Original name BYBA1 [Name changed to BYCO1 -- leaf samples were lost and dried out],4,Changed name to BYBA-A to match other data sheets. Original name BYBA1 [Name changed to BYCO1 -- leaf samples were lost and dried out],
220,BYCO2,,,BYCO,2,7/7/2017,4.3,6,390,90,12.35,9.98,10.08,3,,3,,
293,BYCO3,,,BYCO,3,7/11/2017,0.75,NA,99,40,0.35,NA,NA,3,,3,,
302,BYCO4,,,BYCO,4,7/11/2017,1.01,NA,80,40,0.82,NA,NA,4,,4,,
398,BYCO5,,,BYCO,5,7/20/2017,6.1,5,465,360,9.43,8.73,10.01,2,3994,2,3994,
146,CAAD1,,,CAAD,1,6/14/2017,"2.3,2.4",NA,154,44,0.62,0.98,0.87,4,,4,,
281,CAAD2,CAAD-A,,CAAD,2,6/16/2017,4,"2.5,2.2",250,60,1.19,0.76,1.29,4,5155,4,5155,
45,CAAD3,,,CAAD,3,6/29/2017,4,".5, .5, .5, .5, .5, .5, .5, .5, .5, .5",160,10,0.59,NA,NA,4,,4,,
46,CAAD4,,,CAAD,4,6/29/2017,5.2,2.1,170,60,3.54,2.17,1.76,4,,4,,
70,CAAD5,,,CAAD,5,6/29/2017,"3.5,2.6,1.9",".4,.2,.1,.1",140,20,2.08,2.67,2.07,4,,4,,
259,CAAD-B1,CAAD-?,Bonus,CAAD,,6/15/2017,3.4,NA,145,60,1.75,NA,NA,,8323 [not sure what's up with this individual -- entered data from recruit sheet but no matching leaf and wood measurements],,8323 [not sure what's up with this individual -- entered data from recruit sheet but no matching leaf and wood measurements],
142,CABR1,,,CABR,1,6/14/2017,4.5,NA,127,58,11.8,10.45,10.24,5,,5,,
154,CABR2,,,CABR,2,6/14/2017,4.5,1.09,148,40,10.08,10.95,8.92,4,,4,,
86,CABR3,CABR2,,CABR,3,6/16/2017,10.2,8.5,375,100,18.82,19.37,18.85,5,,5,,
184,CABR4,,,CABR,4,6/20/2017,7.3,0.95,155,60,21.3,22.04,19.29,4,,4,,
185,CABR5,,,CABR,5,6/20/2017,10.5,7.5,240,110,16.77,13.56,10.03,5,,5,,
321,CAGU1,,,CAGU,1,7/14/2017,6.9,5.9,500,420,1.52,1.76,1.04,3,,3,,
323,CAGU2,,,CAGU,2,7/14/2017,6.5,6,570,372,1.29,1.68,1.8,3,,3,,
324,CAGU3,,,CAGU,3,7/14/2017,7.1,6.6,745,378,2.32,3.32,1.32,3,,3,,
336,CAGU4,,,CAGU,4,7/14/2017,2.2,1.4,259,90,0.9,1.22,0.91,2,,2,,
338,CAGU5,,,CAGU,5,7/14/2017,10.2,9,654,210,2.52,2.51,1.94,2,,2,,
285,CALU1,CALU-A,,CALU,1,6/16/2017,11.5,"6.5,7.6",700,120,9.56,7.45,7.33,4,5085,4,5085,
165,CASY1,,,CASY,1,6/14/2017,"9.5,2.5,2.4,2.5,2.4,2.7,2.6,3.2","2.2,2.3,2.7,2.8,2.4,1.9,1.6,2.4",302,30,4.74,5.18,5.4,4,,4,,
195,CASY2,,,CASY,2,6/20/2017,0.67,NA,90,10,0.59,NA,NA,3,,3,,
25,CASY3,,,CASY,3,6/23/2017,"1.961, 2.006, 1.945","1.266, 1.033, .903, 1.272, 1.275",200,120,3.65,2.11,2.47,4,,4,,
318,CASY4,,,CASY,4,7/5/2017,1.48,0.78,185,100,1.47,NA,NA,3,,3,,
232,CASY5,,,CASY,5,7/7/2017,1.97,1.17,175,130,0.96,NA,NA,3,,3,,
330,CASY6,,,CASY,6,7/14/2017,6.5,6.2,700,470,5.03,4.45,3.5,3,,3,,
518,CASY-B1,,Bonus,CASY,,8/10/2017,13.1,11.8,NA,NA,6.63,6.38,4.75,2,2031,2,2031,
531,CASY-B1,,Bonus,CASY,,8/10/2017,8.6,8.2,NA,NA,3.66,4.44,4.92,2,4922,2,4922,
519,CASY-B2,,Bonus,CASY,,8/10/2017,7,6.4,NA,NA,4.09,3.22,4.97,2,1408,2,1408,
532,CASY-B2,,Bonus,CASY,,8/10/2017,17.4,16,NA,NA,6.25,6.23,5.26,3,4931,3,4931,
126,CESE1,,,CESE,1,6/15/2017,"1.43,4.26","1.2,.75",200,60,1.09,NA,NA,4,,4,,
117,CESE2,,,CESE,2,6/15/2017,"1.26,1.18,.93",".75,.51",230,85,0.56,NA,NA,3,,3,,
52,CHMA1,,,CHMA,1,6/29/2017,6.4,"5.2, 2.3",450,130,3.17,3.31,4,3,,3,,
54,CHMA2,,,CHMA,2,6/29/2017,0.48,NA,100,0,0.43,NA,NA,2,,2,,
61,CHMA3,,,CHMA,3,6/29/2017,1.3,".7,.5",205,70,0.35,NA,NA,3,,3,,
457,CHMA4,,,CHMA,4,8/5/2017,0.77,0.26,150,10,0.22,NA,NA,2,,2,,
458,CHMA5,,,CHMA,5,8/5/2017,0.37,NA,50,5,0.15,NA,NA,2,,2,,
80,COLA1,,,COLA,1,6/16/2017,2.71,1.97,373,90,2.05,1.54,1.34,3,,3,,
8,COLA2,,,COLA,2,6/23/2017,2.1,".9, .86, 1",210,20,1.49,1.54,1.97,3,,3,,
42,COLA3,,,COLA,3,6/29/2017,0.89,NA,105,55,0.52,NA,NA,4,,4,,
53,COLA4,,,COLA,4,6/29/2017,2.7,2,260,120,0.76,1.39,1.87,3,,3,,
65,COLA5,,,COLA,5,6/29/2017,0.67,NA,73,55,0.47,NA,NA,2,,2,,
331,COLA6,,,COLA,6,7/14/2017,6.3,5.1,600,269,6.79,4.04,4.33,2,,2,,
477,COLA-B1,,Bonus,COLA,,8/7/2017,26.3,25.7,NA,NA,13.48,15.32,20.66,NA,4183,NA,4183,
481,COLA-B2,,Bonus,COLA,,8/7/2017,37,NA,NA,NA,21.13,29.57,29.29,NA,4263,NA,4263,
482,COLA-B3,,Bonus,COLA,,8/7/2017,29,NA,NA,NA,21.22,14.6,16.76,NA,4269,NA,4269,
484,COLA-B4,,Bonus,COLA,,8/7/2017,20,NA,NA,NA,10.11,9.25,6.25,NA,4413,NA,4413,
18,COSU1,,,COSU,1,6/23/2017,6.7,4.4,230,60,14.77,13.5,11,4,,4,,
21,COSU2,,,COSU,2,6/23/2017,8.2,6.6,300,50,13.26,9.71,11.75,5,,5,,
229,COSU3,,,COSU,3,7/7/2017,12.6,11.2,265,120,25.12,23.39,27.57,3,,3,,
305,COSU4,,,COSU,4,7/11/2017,4.3,2.7,181,100,10.61,7.84,12.76,3,,3,,
306,COSU5,,,COSU,5,7/11/2017,4.7,4.1,221,120,10.87,19.31,8.49,3,,3,,
375,CUTE1,,,CUTE,1,7/15/2017,9.1,8.5,633,133,2.84,2.23,2.91,4,2841,4,2841,
350,CUTE2,,,CUTE,2,7/24/2017,"1.64,1.89","1.3,1.3",320,130,0.65,NA,NA,3,,3,,
351,CUTE3,,,CUTE,3,7/24/2017,2.87,1.89,270,150,1.27,NA,NA,4,,4,,
352,CUTE4,,,CUTE,4,7/24/2017,1.75,1.04,220,60,0.74,NA,NA,4,,4,,
463,CUTE5,,,CUTE,5,8/3/2017,"7.1,.9.3,3.1","6.5,5.7,3.8,2.5",580,303,2.3,2.42,2.37,3,1350,3,1350,
502,CUTE-B1,,Bonus,CUTE,,8/9/2017,12,12.3,555,245,4.7,4.2,4.68,3,no core,3,no core,
292,CUVE1,,,CUVE,1,7/11/2017,1.1,0.75,135,60,0.54,NA,NA,4,,4,,
368,CUVE2,,,CUVE,2,7/15/2017,1.8,1.5,386,291,0.79,NA,NA,2,2774,2,2774,
405,CUVE3,,,CUVE,3,7/18/2017,2.56,2.08,420,220,1.14,0.83,0.94,3,,3,,
406,CUVE4,,,CUVE,4,7/18/2017,6.5,6.08,400,200,1.55,1.97,1.81,3,,3,,
436,CUVE5,,,CUVE,5,7/27/2017,4.4,4,586,463,2.1,2.44,2.33,2,4756,2,4756,
513,CUVE-B1,,Bonus,CUVE,,8/10/2017,9.3,7.1,NA,NA,10.46,6.31,14.39,3,1011,3,1011,
317,DAEL1,,,DAEL,1,7/5/2017,"5.5,3.5,4.4,4.8",".7,.7,.7,.7,.7,.7,.7,.7,.7,.7",200,60,5.53,8.12,6.96,4,,4,,
473,DAEL2,,,DAEL,2,8/3/2017,0.75,NA,120,5,0.46,NA,NA,3,,3,,
474,DAEL3,,,DAEL,3,8/3/2017,0.74,NA,110,5,0.53,NA,NA,3,,3,,
443,DAEL4,,,DAEL,4,8/4/2017,1.94,NA,85,10,3.94,NA,NA,3,,3,,
444,DAEL5,,,DAEL,5,8/4/2017,1.04,NA,80,15,0.8,NA,NA,3,,3,,
13,DARA1,,,DARA,1,6/23/2017,5.4,0.9,160,10,1.8,1.42,1.41,2,,2,,
397,DARA2,,,DARA,2,7/20/2017,6,5.1,585,435,7.14,6.44,7.73,2,3975,2,3975,
401,DARA3,,,DARA,3,7/20/2017,10,8.8,870,520,9.65,10.19,9.01,3,4073,3,4073,
385,DARA4,,,DARA,4,7/20/2017,10.4,9.5,660,445,5.43,5.61,6.07,3,3873,3,3873,
379,DARA5,,,DARA,5,7/20/2017,10.3,9.5,810,625,9.61,9.97,7.87,4,3830,4,3830,
478,DARA-B1,,Bonus,DARA,,8/7/2017,25.7,16,NA,NA,11.63,14.14,9.07,NA,4141,NA,4141,
483,DARA-B2,,Bonus,DARA,,8/7/2017,10.8,NA,NA,NA,6.65,10.01,7.73,NA,4143,NA,4143,
102,DIBU1,,,DIBU,1,6/15/2017,12.7,13.2,390,200,19.5,19.6,16.5,4,,4,,
122,DIBU2,,,DIBU,2,6/15/2017,8.5,8,230,100,15.66,16.67,15.17,4,,4,,
115,DIBU3,,,DIBU,3,6/15/2017,7.1,6.8,280,190,13,13.2,11.1,4,,4,,
3,DIBU4,,,DIBU,4,6/23/2017,6.3,5.3,290,180,13.72,12.82,10.93,4,,4,,
32,DIBU5,,,DIBU,5,6/29/2017,7.1,"4.5, 5.2",215,100,17.68,15.87,15.57,3,,3,,
99,DIMO1,,,DIMO,1,6/15/2017,5.8,5,240,30,10.58,11.97,11.45,4,,4,,
119,DIMO2,,,DIMO,2,6/15/2017,2.8,1.73,220,120,4.15,4.01,4.06,4,,4,,
113,DIMO3,,,DIMO,3,6/15/2017,6.4,5,300,130,10.67,11.09,10.73,4,,4,,
415,DIMO4,,,DIMO,4,7/18/2017,8,"5,4.1",250,110,12.4,13.19,9.93,4,,4,,
416,DIMO5,,,DIMO,5,7/18/2017,9.5,7.2,420,130,16.13,17.7,19.61,5,,5,,
491,DIMO-B1,,Bonus,DIMO,,8/9/2017,20.3,19.7,563,210,23.79,22.62,21.24,5,no core,5,no core,
108,DUFU1,,,DUFU,1,6/15/2017,3.5,1.55,200,0,1.72,2.49,1.64,4,,4,,
93,DUFU2,,,DUFU,2,6/15/2017,3.5,1.6,220,50,2.87,2.44,2.63,4,,4,,
144,DUFU3,,,DUFU,3,6/14/2017,3.1,"1.5,1.4,1.2",253,5,2.26,1.89,1.95,4,,4,,
310,DUFU4,,,DUFU,4,7/5/2017,3.2,0.654,166,44,2.32,4.08,2.4,3,,3,,
228,DUFU5,,,DUFU,5,7/7/2017,1.64,".5,.8",160,40,1.09,NA,NA,4,,4,,
138,ERCU1,,,ERCU,1,6/14/2017,0.9,NA,127,33,0.67,NA,NA,4,,4,,
167,ERCU2,,,ERCU,2,6/14/2017,0.74,0.43,160,50,0.67,NA,NA,4,,4,,
248,ERCU3,,,ERCU,3,6/12/2017,1.94,"1.17,.983",267,93,1.08,1.06,0.74,4,,4,,
282,ERCU4,,,ERCU,4,6/16/2017,1.6,1.5,240,90,1.21,0.95,1.01,4,5131,4,5131,
187,ERCU5,,,ERCU,5,6/20/2017,0.52,NA,100,70,0.62,NA,NA,4,,4,,
33,ERGR1,,,ERGR,1,6/29/2017,11.9,9.8,370,105,17.67,18.46,20.92,3,,3,,
311,ERGR2,,,ERGR,2,7/5/2017,8.1,7.4,250,50,18.44,17.93,15.35,3,,3,,
320,ERGR3,,,ERGR,3,7/5/2017,11.8,11.5,400,240,24.04,25.77,28.93,4,,4,,
224,ERGR4,,,ERGR,4,7/7/2017,12.4,11.9,535,420,24.88,21.53,18.22,4,,4,,
231,ERGR5,,,ERGR,5,7/7/2017,3,1.1,170,85,8.42,8.65,9.22,3,,3,,
104,ERSU1,,,ERSU,1,6/15/2017,7.5,6.8,280,80,24.6,18.54,23.11,4,,4,,
100,ERSU2,,,ERSU,2,6/15/2017,6.1,5.9,250,60,15.03,15.53,16.04,4,,4,,
130,ERSU3,,,ERSU,3,6/15/2017,6.2,"4.2,3.4",240,120,17.5,19.3,16.3,4,,4,,
151,ERSU4,,,ERSU,4,6/14/2017,"6.5,5.3,4.4,5.1,4.2,4.7","3.8,3.3,3.5,2.9,3.2,3.4",177,25,12.06,13.29,15.73,5,,5,,
161,ERSU5,,,ERSU,5,6/14/2017,"6,5.5,5.3","3.2,2.9,3.5,2.6",242,53,12.11,12.74,11.75,4,,4,,
327,EUMY1,,,EUMY,1,7/14/2017,5.2,4,585,452,4.5,4.4,4.64,3,,3,,
432,EUMY2,,,EUMY,2,7/27/2017,18.6,"11.4,9.2",900,528,6.37,6.29,5.42,3,2863,3,2863,
434,EUMY3,,,EUMY,3,7/27/2017,6.4,5.5,910,615,4.34,4.67,4.94,3,5009,3,5009,
376,EUMY4,,,EUMY,4,7/15/2017,12.8,12.4,673,246,6.88,6.19,6.48,3,2843,3,2843,
437,EUMY5,,,EUMY,5,7/27/2017,6.7,5.8,657,456,3.28,4.14,3.25,2,4800,2,4800,
342,EUMY-B1,EUMY2,Bonus,EUMY,,7/14/2017,8.6,7.9,800,433,5.35,5.3,5.45,3,figure out what this duplicate is doing here - sf 8/8/17,3,figure out what this duplicate is doing here - sf 8/8/17,
345,EUPU1,,,EUPU,1,7/24/2017,3.1,2.9,603,366,1.19,1.44,1.16,3,4252,3,4252,
348,EUPU2,,,EUPU,2,7/24/2017,5.7,4.9,637,545,1.94,1.69,1.97,3,4329,3,4329,
106,GOBA1,,,GOBA,1,6/15/2017,"8.3,6.5","4.3,5.7",330,140,5.26,4.76,4.21,4,,4,,
150,GOBA2,,,GOBA,2,6/14/2017,7,"3.2,2.8,2.7,2.7",277,95,4.8,4.56,4.78,5,,5,,
421,GOBA3,,,GOBA,3,7/26/2017,2.23,".43,.39",160,40,1.74,1.61,1.3,4,,4,,
422,GOBA4,,,GOBA,4,7/26/2017,"1.4,1.33",".93,.84,.8",220,130,0.77,NA,NA,4,,4,,
423,GOBA5,,,GOBA,5,7/26/2017,"2.65,2.73,2.69,2.76","3.45,2.93,2.99,2.46",357,60,4.37,3.69,2.91,4,,4,,
128,GOPO1,,,GOPO,1,6/15/2017,15.5,"11,4.9",550,70,23.75,24.5,27.4,5,,5,,
287,GOPO2,GOPO-A,,GOPO,2,6/16/2017,17.8,"14.3,8.3",600,130,25.93,23.02,31.38,5,5101,5,5101,
44,GOPO3,,,GOPO,3,6/29/2017,11,"4.6, 5.6, 5.7",420,200,18.29,20.13,18.78,4,,4,,
71,GOPO4,,,GOPO,4,6/29/2017,13.8,"10.5,7.5",560,265,30.75,20.45,21.12,5,,5,,
168,GOPO5,,,GOPO,5,6/21/2017,26,"12.6,8.8,12.5,8.7",500,100,36.54,29.13,32.73,5,,5,,
239,GOPO6,T1,,GOPO,6,6/10/2017,"22, 16.2","10.7,9.2,16.2,13.9,6.3",400,190,21.11,NA,NA,4,,4,,
489,GOPO-B1,,Bonus,GOPO,,8/9/2017,23.7,24,647,253,28.75,20.08,24.45,5,long core,5,long core,
490,GOPO-B2,,Bonus,GOPO,,8/9/2017,25.5,25,478,45,26.71,38.5,36.75,5,long core,5,long core,
515,GOPO-B3,,Bonus,GOPO,,8/10/2017,42.1,40.2,NA,NA,42.93,50.36,49.38,5,2011,5,2011,
522,GOPO-B4,,Bonus,GOPO,,8/10/2017,27.9,26.1,NA,NA,34.82,30.5,30.91,5,core,5,core,
533,GOPO-B5,,Bonus,GOPO,,8/10/2017,20.8,18.9,NA,NA,27.29,29.29,27.06,3,core,3,core,
540,GOPO-B6,,Bonus,GOPO,,8/10/2017,39.1,38.1,NA,NA,50.31,52,NA,4,core,4,core,
400,GUNI1,,,GUNI,1,7/20/2017,9.1,8.2,770,445,4.55,4.75,3.03,4,4033,4,4033,
403,GUNI2,,,GUNI,2,7/20/2017,14.5,12.2,785,600,4.82,7.99,6.53,3,4122,3,4122,
389,GUNI3,,,GUNI,3,7/20/2017,13.1,"7,8.4",760,480,4.16,5.61,4.73,4,3897,4,3897,
382,GUNI4,,,GUNI,4,7/20/2017,7.4,7.3,710,515,4.11,5.06,3.96,3,3806,3,3806,
346,GUNI5,,,GUNI,5,7/24/2017,9.5,8.4,840,497,5.53,3.06,4.54,4,4244,4,4244,
251,JACA1,,,JACA,1,6/12/2017,3.4,"1.87,2.69",300,80,1.66,1.34,1.65,4,,4,,
244,JACA2,,,JACA,2,6/12/2017,"2.53,2.75","1.92,2.07,1.23",326,NA,1.1,1.65,1.19,3,lower leaf not collected,3,lower leaf not collected,
225,JACA3,,,JACA,3,7/7/2017,6.8,6.6,620,225,3.38,2.27,2.59,4,,4,,
227,JACA4,,,JACA,4,7/7/2017,3.9,2.8,380,130,1.77,1.89,1.9,4,,4,,
289,JACA5,,,JACA,5,7/11/2017,5.3,4.8,656,550,2.76,2.58,4.28,4,,4,,
101,KICO1,,,KICO,1,6/15/2017,9.7,5.8,250,120,25.9,24.3,20.04,3,,3,,
190,KICO2,,,KICO,2,6/20/2017,6.7,4.8,242,12,16.55,21.6,19.63,4,,4,,
193,KICO3,,,KICO,3,6/20/2017,2.02,NA,140,95,6.05,6.47,5.18,3,,3,,
198,KICO4,,,KICO,4,6/20/2017,9.5,4.5,215,115,24.5,25.3,29.06,3,,3,,
429,KICO5,,,KICO,5,7/26/2017,4.9,"2.3,1.9,2.7",190,120,12.88,12.83,12.8,3,,3,,
17,LAHA1,,,LAHA,1,6/23/2017,1.5,NA,125,10,0.8,NA,NA,3,,3,,
63,LAHA2,,,LAHA,2,6/29/2017,".9,.9,.8",NA,115,30,0.52,NA,NA,2,,2,,
290,LAHA3,,,LAHA,3,7/11/2017,1.52,0.85,202,40,0.64,NA,NA,3,,3,,
303,LAHA4,,,LAHA,4,7/11/2017,0.47,NA,80,0,0.3,NA,NA,3,,3,,
365,LAHA5,,,LAHA,5,7/15/2017,8.6,7.5,550,170,2.45,3.49,3.49,3,2699,3,2699,
528,LAHA-B1,,Bonus,LAHA,,8/10/2017,8.4,7.5,NA,NA,2.63,2.13,2.28,2,4841,2,4841,
96,LEEL1,,,LEEL,1,6/15/2017,7,5,210,70,14.55,14.58,15.05,4,,4,,
260,LEEL2,LEEL-A,,LEEL,2,6/15/2017,14,"8,8",500,50,18.49,19,16.88,,1564,,1564,
266,LEEL3,LEEL-B,,LEEL,3,6/15/2017,7.3,4.8,190,50,24.8,24.21,26.7,,1173,,1173,
261,LEEL4,LEEL-C,,LEEL,4,6/15/2017,4.3,6.3,300,50,15.06,13.78,17.57,,1565,,1565,
82,LEEL5,,,LEEL,5,6/16/2017,4.7,3.6,197,80,9.8,9.1,9.6,3,,3,,
58,LIMO1,,,LIMO,1,6/29/2017,0.9,0.35,130,0,0.4,NA,NA,2,,2,,
59,LIMO2,,,LIMO,2,6/29/2017,3,2.9,200,60,1.78,1.75,1.48,3,,3,,
60,LIMO3,,,LIMO,3,6/29/2017,1,0.1,140,90,0.39,NA,NA,3,,3,,
371,LIMO4,,,LIMO,4,7/15/2017,6.8,6.4,505,419,1.52,1.86,1.59,2,2784,2,2784,
377,LIMO5,,,LIMO,5,7/15/2017,9.8,8.2,458,120,4.86,4.5,4.07,3,,3,,
508,LIMO-B1,,Bonus,LIMO,,8/10/2017,12.4,12.3,NA,NA,7.97,6.64,8.06,3,887,3,887,
426,LISA1,,,LISA,1,7/26/2017,0.8,0.31,172,30,0.67,NA,NA,4,,4,,
428,LISA2,,,LISA,2,7/26/2017,0.738,NA,90,40,0.55,NA,NA,4,,4,,
447,LISA3,,,LISA,3,8/4/2017,0.75,0.68,220,100,0.42,NA,NA,3,,3,,
448,LISA4,,,LISA,4,8/4/2017,1.2,0.8,240,150,0.34,NA,NA,4,,4,,
449,LISA5,,,LISA,5,8/4/2017,1.96,1.66,385,245,0.5,NA,NA,4,,4,,
430,LUCA1,,,LUCA,1,7/27/2017,6.8,6,810,330,3.3,2.91,3.88,3,same datasheet from 7/15,3,same datasheet from 7/15,
438,LUCA2,,,LUCA,2,7/27/2017,4.9,4.5,505,270,2.61,2.15,2.02,2,,2,,
439,LUCA3,,,LUCA,3,7/27/2017,3.8,3.8,1200,700,1.61,2.25,3.84,3,,3,,
420,LUCA4,,,LUCA,4,7/26/2017,"2.8,5.6,2.7,2.4","2.7,1.7,1.7,2",455,272,1.6,1.63,1.87,4,,4,,
442,LUCA5,,,LUCA,5,8/4/2017,13.7,9.3,765,400,13.71,13.25,15.46,4,,4,,
308,LUGR1,,,LUGR,1,7/11/2017,5.8,4.6,340,150,10.02,8.63,10.68,4,,4,,
407,LUGR2,,,LUGR,2,7/18/2017,2.76,2.63,360,240,2.81,3.19,2.83,3,,3,,
414,LUGR3,,,LUGR,3,7/18/2017,1.57,0.85,230,60,0.94,NA,NA,3,,3,,
465,LUGR4,,,LUGR,4,8/3/2017,21,15.2,635,435,23.21,15.74,14.27,3,2074,3,2074,
464,LUGR5,,,LUGR,5,8/3/2017,30.5,"20,14.1",660,302,13.06,15.23,9.53,3,1356,3,1356,
103,MAAC1,,,MAAC,1,6/15/2017,4.8,3.8,360,200,9.07,9.61,9.85,4,,4,,
164,MAAC2,,,MAAC,2,6/14/2017,4.5,"2.4,1.93",252,110,6.7,6.05,5.19,4,,4,,
246,MAAC3,,,MAAC,3,6/12/2017,6.2,5,350,202,9.68,9.91,9.96,3,,3,,
245,MAAC4,,,MAAC,4,6/12/2017,7.8,6.9,380,169,1.714,1.526,1.32,4,,4,,
267,MAAC5,MAAC-A,,MAAC,5,6/15/2017,2.8,1.2,180,120,9.64,10.74,8.33,,1159,,1159,
497,MAAC-B1,,Bonus,MAAC,,8/9/2017,40.9,37.9,1200,582,42.09,33.72,44.21,4,no core,4,no core,
500,MAAC-B2,,Bonus,MAAC,,8/9/2017,42.2,36.1,1100,373,56.88,44.03,46.6,5,no core,5,no core,
509,MAAC-B3,,Bonus,MAAC,,8/10/2017,26,27,NA,NA,27.41,36.93,35.49,4,,4,,
127,MABR1,,,MABR,1,6/15/2017,3.4,2.2,290,140,1.9,1.6,1.56,3,,3,,
35,MABR2,,,MABR,2,6/29/2017,8.3,6.5,750,255,3.34,2.84,3.08,5,,5,,
48,MABR3,,,MABR,3,6/29/2017,23.9,22,1200,410,7.59,6.9,8.14,5,,5,,
50,MABR4,,,MABR,4,6/29/2017,13.5,12.7,1050,510,4.44,5.14,3.95,3,,3,,
230,MABR5,,,MABR,5,7/7/2017,13.2,12.4,725,265,3.81,3.31,3.19,5,,5,,
140,MAEL1,,,MAEL,1,6/14/2017,"3.6,4.2,3.6,2.8,2.5,2.6","3.1,3,3.5,2.1,2.1,1.9",302,58,1.38,1.05,1.36,4,,4,,
166,MAEL2,,,MAEL,2,6/14/2017,"3.24,2.1,2.8,2.3,2.1","1.19,1.61,1.91,2.37,2.01,2.53",260,32,1.64,1.71,1.35,4,,4,,
256,MAEL3,MAEL-A,,MAEL,3,6/15/2017,1.8,1.9,400,200,4.09,3.5,3,,1362,,1362,
26,MAEL4,,,MAEL,4,6/23/2017,"2.0, 2.2","1.9, 2",260,170,0.7,NA,NA,4,,4,,
27,MAEL5,,,MAEL,5,6/23/2017,4.9,"3.1, 2.5",230,110,4.01,3.5,3.54,3,,3,,
523,MAEL-B1,,Bonus,MAEL,,8/10/2017,14.1,13,NA,NA,5.4,4.98,3.51,4,2690,4,2690,
524,MAEL-B2,,Bonus,MAEL,,8/10/2017,29.4,26.2,NA,NA,7.3,6.54,5.81,4,2695,4,2695,
107,MIAL1,,,MIAL,1,6/15/2017,11.7,"4,6.5,3.2,3",290,40,16.7,9.9,6.4,4,,4,,
404,MIAL2,,,MIAL,2,7/18/2017,"4.955,2,2","1.3,1.1,2",292,30,7.22,6.1,5.63,4,,4,,
363,MIAL4,,,MIAL,4,7/24/2017,16.6,11.6,483,241,15.15,11.27,21.09,3,2699,3,2699,
450,MIAL5,,,MIAL,5,8/4/2017,4.4,2.3,290,110,7.38,NA,NA,3,,3,,
272,MILI1,MILI-A,,MILI,1,6/15/2017,2.8,1.5,250,150,2.4,2.07,2.58,,1238,,1238,
257,MILI2,MILI-B,,MILI,2,6/15/2017,"9.5,12.3,15.4","13.9,8,5.5,11.3",600,120,9.43,10.6,9.56,,1620,,1620,
90,MILI3,,,MILI,3,6/16/2017,"7.4,7.3","3.6,4.5",355,50,4.14,3.33,4.12,3,,3,,
219,MILI4,,,MILI,4,6/20/2017,9.9,7.8,433,60,6.66,7.35,7.16,5,,5,,
29,MILI5,,,MILI,5,6/23/2017,15.2,1.15,550,170,8.14,7.81,7.69,4,,4,,
243,MYFA1,,,MYFA,1,6/12/2017,"4,3.2","1.53,2.85,1.89",270,82,3.1,3.9,3.5,3,,3,,
253,MYFA2,MYFA-A,,MYFA,2,6/15/2017,5.6,1.8,400,220,9.14,6.18,6.06,,1665,,1665,
83,MYFA3,MYFA4,,MYFA,3,6/16/2017,6.8,"5.5,3",290,30,8.86,9.61,9.47,5,,5,,
189,MYFA4,,,MYFA,4,6/20/2017,5.5,2.5,225,60,7.07,6.76,6.84,4,,4,,
191,MYFA5,,,MYFA,5,6/20/2017,7.5,7.6,385,130,8.67,8.63,8.23,4,,4,,
242,MYFA6,T4,,MYFA,6,6/10/2017,"3.5,4.8","3.4,2.7",255,62,6.86,6.15,7.61,4,,4,,
520,MYFA-B1,,Bonus,MYFA,,8/10/2017,10,8.2,NA,NA,17.09,10.13,10.31,4,,4,,
73,MYLI1,,,MYLI,1,6/16/2017,"5.2,5.9,6.2","5.8,638",373,20,5.6,6.71,11.21,4,,4,,
74,MYLI2,,,MYLI,2,6/16/2017,1.28,1.05,175,100,1.01,NA,NA,4,,4,,
79,MYLI3,,,MYLI,3,6/16/2017,"11.6,10.3","10.7,7.5",365,90,8.05,5.91,10.77,4,,4,,
88,MYLI4,,,MYLI,4,6/16/2017,23.9,20.8,535,85,22.7,19.66,15.6,5,,5,,
15,MYLI5,,,MYLI,5,6/23/2017,7,"6, 6.7",240,60,16.52,16.75,16.37,4,diam changed from 0.7 to 7.0,4,diam changed from 0.7 to 7.0,
78,MYMU1,,,MYMU,1,6/16/2017,2.6,2,322,100,1.1,1.11,1.07,4,,4,,
84,MYMU2,,,MYMU,2,6/16/2017,1.73,0.96,205,70,0.85,1.19,1.01,4,,4,,
213,MYMU3,,,MYMU,3,6/20/2017,2.65,1.85,260,30,2.47,1.43,1.27,4,,4,,
237,MYMU4,,,MYMU,4,7/7/2017,1.19,0.9,210,160,0.33,NA,NA,4,,4,,
300,MYMU5,,,MYMU,5,7/11/2017,3,2.8,440,245,0.62,0.51,0.68,3,,3,,
512,MYMU-B1,,Bonus,MYMU,,8/10/2017,7.6,7.3,NA,NA,0.79,0.8,0.88,2,1010,2,1010,
121,MYTO1,,,MYTO,1,6/15/2017,4.1,1.5,220,30,4.15,4.01,4.06,4,,4,,
141,MYTO2,,,MYTO,2,6/14/2017,5,"1.98,2.14",210,87,2.24,2.5,2.1,5,,5,,
36,MYTO3,,,MYTO,3,6/29/2017,3.2,"1.7, 1.4, 1.4",212,130,3.31,3.25,3.63,4,,4,,
134,MYTO4,Myrcia1-1,,MYTO,4,6/14/2017,7,"3.8,3.2,2.7",301,100,6.9,4.6,6.7,4,,4,,
223,MYTO5,,,MYTO,5,7/7/2017,3.2,1.92,255,130,3.81,3.34,4.48,4,,4,,
514,MYTO-B1,,Bonus,MYTO,,8/10/2017,11,6.8,NA,NA,5.56,5.02,5.09,3,,3,,
527,MYTO-B2,,Bonus,MYTO,,8/10/2017,20.9,15.7,NA,NA,8.3,7.62,6.25,3,2763,3,2763,
383,MYVE1,,,MYVE,1,7/20/2017,9.5,7.3,920,370,5.39,5.24,5.34,4,3839,4,3839,
344,MYVE2,,,MYVE,2,7/24/2017,18.6,16.2,920,410,5.35,5.33,6.03,4,4200,4,4200,
347,MYVE3,,,MYVE,3,7/24/2017,"11.3,10.1,8.8","7.8,8.8,8.5,5",860,400,4.72,3.32,3.97,4,4313,4,4313,
353,MYVE4,,,MYVE,4,7/24/2017,15.2,13.5,910,480,7.11,8.17,7.11,4,,4,,
357,MYVE5,,,MYVE,5,7/24/2017,13.4,12.2,1200,445,4.25,4.01,4.1,3,4509,3,4509,
381,NECU1,,,NECU,1,7/20/2017,9.6,9.2,900,540,4.49,5.27,4.91,4,3803,4,3803,
355,NECU2,,,NECU,2,7/24/2017,7.5,7.3,920,495,2.34,3.03,2.83,3,3474,3,3474,
359,NECU3,,,NECU,3,7/24/2017,14.5,13.2,1200,780,5.29,4.6,4.14,4,4546,4,4546,
360,NECU4,,,NECU,4,7/24/2017,6.5,6.4,850,595,3.02,2.62,3.11,3,4547,3,4547,
362,NECU5,,,NECU,5,7/24/2017,3.1,2.8,565,225,1.25,NA,NA,2,4710,2,4710,
374,NEOP1,,,NEOP,1,7/15/2017,9.5,8.7,1000,540,4.02,4.02,4.48,4,2850,4,2850,
136,OCCO1,,,OCCO,1,6/14/2017,"4.7,4.6","3.2,3.7",340,73,1.95,2.2,2.02,5,,5,,
159,OCCO2,,,OCCO,2,6/14/2017,16.5,13.8,600,210,5.28,6.6,6.61,5,,5,,
249,OCCO3,,,OCCO,3,6/12/2017,7,6.2,660,101,3.22,3.02,2.73,4,,4,,
283,OCCO4,OCCO-A,,OCCO,4,6/16/2017,9.3,5.6,500,20,7.28,8.15,5.56,4,5108,4,5108,
273,OCCO5,OCCO-B,,OCCO,5,6/15/2017,15.2,"7.3,9.1",700,150,5.01,7.15,5.53,,1215,,1215,
286,OCCO6,OCCO-C,,OCCO,6,6/16/2017,"8.9,7.8","8.4,6.3",700,30,5.28,4.78,4.41,5,5096,5,5096,
492,OCCO-B1,,Bonus,OCCO,,8/9/2017,30.5,27.9,781,343,16.5,16.6,15.06,5,no core,5,no core,
493,OCCO-B2,,Bonus,OCCO,,8/9/2017,33.5,27.2,1060,510,13.14,16.17,15.05,5,long core,5,long core,
494,OCCO-B3,,Bonus,OCCO,,8/9/2017,52,31,900,420,19.16,20.44,14.15,5,no core,5,no core,
536,OCCO-B4,,Bonus,OCCO,,8/10/2017,22.1,24.2,NA,NA,23.31,17.98,18.55,4,core,4,core,
537,OCCO-B5,,Bonus,OCCO,,8/10/2017,20.5,19.5,NA,NA,7.14,7.15,7.3,4,core,4,core,
538,OCCO-B6,,Bonus,OCCO,,8/10/2017,17,15.5,NA,NA,7.34,7.3,7.62,3,core,3,core,
541,OCCO-B7,,Bonus,OCCO,,8/10/2017,15.2,13.8,NA,NA,6.03,6.94,5.33,4,core,4,core,
329,OCMI1,,,OCMI,1,7/14/2017,16.5,14.2,1000,422,12.86,9.08,10.54,4,,4,,
332,OCMI2,,,OCMI,2,7/14/2017,4.1,2.6,543,160,7.56,6.51,8.09,4,,4,,
335,OCMI3,,,OCMI,3,7/14/2017,2.1,1.8,520,110,4.32,3.94,4.13,2,,2,,
341,OCMI4,,,OCMI,4,7/14/2017,2.5,2.1,412,238,4.98,4.49,4.74,2,,2,,
367,OCMI5,,,OCMI,5,7/15/2017,2.3,1.6,283,145,3.33,3.02,3.4,2,2760,2,2760,
326,OCMI6,,,OCMI,6,7/14/2017,6.5,5.1,543,262,5.68,5.78,7.75,3,,3,,
517,OCMI-B1,,Bonus,OCMI,,8/10/2017,34,32.5,NA,NA,27.85,26.23,27.42,5,2038,5,2038,
75,OCPU1,,,OCPU,1,6/16/2017,"8.2,7.9,12.1,8.3","6.3,7.5,6.5,7,7.1",495,160,2.76,2.2,1.35,5,,5,,
76,OCPU2,,,OCPU,2,6/16/2017,"8.0,6.8","5.2,4.5,5.3",395,120,1.2,1.36,1.52,5,,5,,
77,OCPU3,,,OCPU,3,6/16/2017,9.6,"4.8,3.9,3.2",371,180,4.72,3.76,4.89,4,,4,,
288,OCPU4,OCPU-A,,OCPU,4,6/16/2017,3.8,2.3,400,130,1.81,1.25,1.45,3,5177 [ data from a tree labeled OCPU-C added here; bark thicknesses and lower leaf height matched from OCPU-A and OCPU-C so this seems legit -- SF 0724],3,5177 [ data from a tree labeled OCPU-C added here; bark thicknesses and lower leaf height matched from OCPU-A and OCPU-C so this seems legit -- SF 0724],
205,OCPU5,,,OCPU,5,6/20/2017,4.5,3.6,440,242,1.71,2.03,1.9,4,,4,,
322,OCVE1,,,OCVE,1,7/14/2017,8.1,7,500,262,6.04,5.7,5.74,3,,3,,
328,OCVE2,,,OCVE,2,7/14/2017,3.8,3.5,632,385,3.87,2.9,3.01,4,,4,,
334,OCVE3,,,OCVE,3,7/14/2017,11.5,9.6,707,471,10.49,9.97,8.95,2,,2,,
339,OCVE4,,,OCVE,4,7/14/2017,5.1,2.7,487,410,5.45,5.1,7.82,2,,2,,
340,OCVE5,,,OCVE,5,7/14/2017,10.2,8.5,512,345,9.69,12.33,11.75,3,,3,,
325,OCVE6,,,OCVE,6,7/14/2017,7.6,5.3,652,412,6.66,7.39,6.92,3,,3,,
525,OCVE-B1,,Bonus,OCVE,,8/10/2017,25.8,24,NA,NA,18.77,15.43,17.23,4,2740,4,2740,
526,OCVE-B2,,Bonus,OCVE,,8/10/2017,16.8,14,NA,NA,12.19,13.62,11.49,3,2744,3,2744,
30,Omit,RALI-A,,RALA,1,,5.9,5.6,380,140,1.86,1.91,1.44,3,[duplicate row of data - sf 082317],3,[duplicate row of data - sf 082317],
131,OUSP1,,,OUSP,1,6/15/2017,"10.2,10.6","8.8,8.4",270,80,12.88,14.48,14.67,4,,4,,
152,OUSP2,,,OUSP,2,6/14/2017,9.6,"5.6,6.5",230,45,12.84,10.8,10.6,5,,5,,
278,OUSP3,OUSP-A,,OUSP,3,6/16/2017,8.8,7.5,400,100,17.45,8.96,14.39,5,5068,5,5068,
280,OUSP4,OUSP-B,,OUSP,4,6/16/2017,7.2,"6.2,5",400,260,13.08,13.01,13.33,4,5135,4,5135,
172,OUSP5,,,OUSP,5,6/21/2017,12.5,11.5,385,240,13.67,11.4,12.2,5,,5,,
275,OUSP6,OUSP-C,,OUSP,6,6/16/2017,"7.2,10.5","5.8,6.8,8.3,6.6",460,60,9.27,11.62,13.56,5,5086,5,5086,
118,PEOB1,,,PEOB,1,6/15/2017,3.9,3.2,410,180,2.6,2.8,2.97,4,,4,,
148,PEOB2,,,PEOB,2,6/14/2017,"10.1,5","4.1,5.54",384,148,6.46,4.63,5.15,3,,3,,
157,PEOB3,,,PEOB,3,6/14/2017,"5,4.2,10.8,10.3,9.6,9.3,3.8,3.5","3.6,3.6,2.8,4,10.3,7,7.8,8.3,6.5",430,20,2.7,2.18,2.46,5,,5,,
236,PEOB4,,,PEOB,4,7/7/2017,12,13,740,470,4.99,5.14,4.12,5,,5,,
307,PEOB5,,,PEOB,5,7/11/2017,14.4,"8.1,6.5",670,400,7.54,3.64,4.87,5,,5,,
495,PEOB-B1,,Bonus,PEOB,,8/9/2017,30,"15.1,18.3",870,253,7.23,5.79,5.4,4,no core,4,no core,
498,PEOB-B2,,Bonus,PEOB,,8/9/2017,23.1,"15.2,17.8",910,632,7.55,7.64,6.76,4,long core,4,long core,
499,PEOB-B3,,Bonus,PEOB,,8/9/2017,28.5,27.9,880,245,7.23,8.23,6.79,4,long core,4,long core,
504,PEOB-B4,,Bonus,PEOB,,8/10/2017,27.5,24.5,NA,NA,10.07,9.45,6.6,3,long core,3,long core,
521,PEOB-B5,,Bonus,PEOB,,8/10/2017,14.4,12.9,NA,NA,4.15,4.74,3.65,4,core,4,core,
539,PEOB-B6,,Bonus,PEOB,,8/10/2017,38,"30.1,22",NA,NA,10.22,9.93,7.49,5,core,5,core,
169,PEWI1,Persea1,,PEWI,1,6/21/2017,21.5,18.6,675,305,13.06,11.83,13.15,5,,5,,
452,PIAX1,,,PIAX,1,8/5/2017,6.4,4.5,353,145,6.51,7.43,6.11,4,,4,,
453,PIAX2,,,PIAX,2,8/5/2017,8.1,7.3,577,327,7.53,8.76,8.59,4,,4,,
454,PIAX3,,,PIAX,3,8/5/2017,9.7,6.7,564,184,11.34,12,10.16,3,,3,,
455,PIAX4,,,PIAX,4,8/5/2017,2,NA,127,40,2.52,NA,NA,4,,4,,
456,PIAX5,,,PIAX,5,8/5/2017,11.7,10.3,725,263,11.71,9.61,12.77,4,,4,,
485,PIAX-B1,,Bonus,PIAX,,8/7/2017,28,NA,NA,NA,19.13,14.87,17.59,NA,,NA,,
487,PIAX-B2,,Bonus,PIAX,,8/7/2017,29,NA,NA,NA,18.33,22.34,17.43,NA,,NA,,
10,PIRO1,,,PIRO,1,6/23/2017,9.6,"7.5, 3.4",370,120,13.97,15.9,16.2,5,,5,,
294,PLEL1,,,PLEL,1,7/11/2017,6,5.5,360,205,8.6,9.06,9.53,3,,3,,
417,PLEL2,,,PLEL,2,7/26/2017,1.17,0.8,170,140,0.65,NA,NA,3,,3,,
418,PLEL3,,,PLEL,3,7/26/2017,3.89,2.5,280,180,6.28,6.28,5.87,3,,3,,
460,PLEL4,,,PLEL,4,8/3/2017,15.4,11.7,1010,700,17.2,20.45,23.87,3,1394,3,1394,
471,PLEL5,,,PLEL,5,8/3/2017,13.5,8.9,615,372,13.98,9.54,9.37,4,,4,,
461,PLEL-B1,,Bonus,PLEL,,8/3/2017,16.2,18.4,1300,1000,30.72,29.88,30.36,4,1375,4,1375,
510,PLEL-B1,,Bonus,PLEL,,8/10/2017,34.8,33.2,NA,NA,42.36,35.43,32.41,4,996,4,996,
511,PLEL-B2,,Bonus,PLEL,,8/10/2017,25.5,23.8,NA,NA,16.87,30.12,16.15,3,997,3,997,
262,PLPO1,PLPO-A,,PLPO,1,6/15/2017,4.2,3.6,250,170,7.78,9.06,9.45,,1559,,1559,
258,PLPO2,PLPO-B,,PLPO,2,6/15/2017,6.2,4,220,90,12.64,13.62,13.87,,8330,,8330,
199,PLPO3,,,PLPO,3,6/20/2017,5.5,4.2,290,160,12.81,11.74,9.7,4,,4,,
200,PLPO4,,,PLPO,4,6/20/2017,5.1,2.1,200,80,6.4,6.01,5.88,4,,4,,
11,PLPO5,,,PLPO,5,6/23/2017,4.9,3.7,230,60,11.22,11.41,12.59,4,,4,,
488,PLPO-B1,,Bonus,PLPO,,8/9/2017,27.1,"12.0,17.1,12.5,13.3",750,110,15.62,12.39,13.36,5,long core,5,long core,
399,PLRE1,,,PLRE,1,7/20/2017,9.7,9.5,555,375,14.87,18.1,16.89,3,3989,3,3989,
387,PLRE2,,,PLRE,2,7/20/2017,7.8,8,620,500,9.54,9.53,9.01,3,3879,3,3879,
349,PLRE3,,,PLRE,3,7/24/2017,18.9,18.8,725,521,12.54,11.14,9.93,3,4332,3,4332,
354,PLRE4,,,PLRE,4,7/24/2017,17.1,14.6,533,240,14.76,21.02,19.46,2,,2,,
356,PLRE5,,,PLRE,5,7/24/2017,18.4,17.6,1010,460,14.89,16.24,24.22,3,4485,3,4485,
181,POTO1,,,POTO,1,6/21/2017,"17.7,19.5","19.3,15.9,14.2",760,140,23.05,25.49,33.16,4,,4,,
182,POTO2,,,POTO,2,6/21/2017,24.5,21.2,770,255,30.29,30.33,26.17,4,,4,,
314,POTO3,,,POTO,3,7/5/2017,21.5,18.5,550,300,29.41,29.93,25.75,4,,4,,
395,POTO4,,,POTO,4,7/20/2017,22.5,19.1,655,358,30.75,18.29,14.23,3,,3,,
380,POTO5,,,POTO,5,7/20/2017,21.4,19,648,348,31.61,19.68,27.26,4,3828,4,3828,
358,POTO6,,,POTO,6,7/24/2017,15.5,13.3,840,690,22.88,15.45,17.32,3,4512,3,4512,
202,PRHE1,,,PRHE,1,6/20/2017,5.7,4.6,565,135,2.23,2.56,2.68,3,,3,,
373,PRHE2,,,PRHE,2,7/15/2017,27.2,23,1300,320,6.32,5.84,5.29,5,2779,5,2779,
361,PRHE3,,,PRHE,3,7/24/2017,10.6,9,890,570,3.64,2.4,2.9,3,4613,3,4613,
475,PRHE4,,,PRHE,4,8/7/2017,14.8,12.2,1200,565,4.07,3.62,3.22,4,,4,,
476,PRHE5,,,PRHE,5,8/7/2017,14.4,13.2,1100,545,4.55,5.14,4.91,3,,3,,
170,PRMY1,,,PRMY,1,6/21/2017,4,3.2,430,135,2.64,2.4,2.07,4,,4,,
37,QUCO1,,,QUCO,1,6/29/2017,7.9,4.8,285,120,6.1,8.87,11.14,4,,4,,
38,QUCO2,,,QUCO,2,6/29/2017,2.2,".7,  .6",175,80,3.08,NA,NA,4,,4,,
298,QUCO3,,,QUCO,3,7/11/2017,3.2,2.2,220,130,5.07,4.34,5.56,3,,3,,
299,QUCO4,,,QUCO,4,7/11/2017,7.8,"2.1,2,2.4",213,140,16.01,17.41,13.4,4,,4,,
301,QUCO5,,,QUCO,5,7/11/2017,3.64,0.43,150,70,4.66,7.25,6.51,4,,4,,
95,QUGR1,,,QUGR,1,6/15/2017,6.5,5.7,460,70,12.45,11.45,11.7,5,,5,,
135,QUGR2,,,QUGR,2,6/14/2017,"12.9,11.3,12.8","11.4,10.4,11.6",494,170,12.2,12.7,13.6,5,,5,,
171,QUGR3,,,QUGR,3,6/21/2017,9.4,"1.6,1.1,.94",265,110,10.66,10.72,10.51,5,,5,,
312,QUGR4,,,QUGR,4,7/5/2017,10.4,7.3,500,300,15.74,12.96,14.13,4,,4,,
222,QUGR5,,,QUGR,5,7/7/2017,21.8,22.8,490,240,30,26,28.13,5,,5,,
178,QUMU1,,,QUMU,1,6/21/2017,14,13.5,415,245,10.57,13,12.72,3,,3,,
180,QUMU2,,,QUMU,2,6/21/2017,6.8,7.3,335,180,8.06,7.58,7.78,4,,4,,
402,QUMU3,,,QUMU,3,7/20/2017,20.5,17.8,740,445,14.84,15.97,13.7,3,4100,3,4100,
396,QUMU4,,,QUMU,4,7/20/2017,12,10.7,642,246,7.36,7.09,11.53,3,3944,3,3944,
388,QUMU5,,,QUMU,5,7/20/2017,18.2,12.2,680,485,11.61,9.42,9.73,4,3870,4,3870,
72,RAFE1,,,RAFE,1,6/16/2017,1.27,0.77,155,60,1.54,NA,NA,4,,4,,
265,RAFE2,RAFE-A,,RAFE,2,6/15/2017,3.3,2.5,400,230,2.08,1.94,2.43,,1195,,1195,
162,RAFE3,MYFE1,,RAFE,3,6/14/2017,1.61,2.54,225,60,2.5,2.4,2.22,4,,4,,
155,RAFE6,MYFE2,,RAFE,6,6/14/2017,"1.63,1.4",".9,.95",180,55,1.28,1.6,1.59,5,,5,,
296,RAFE4,,,RAFE,4,7/11/2017,1.59,0.9,197,90,1.38,NA,NA,4,,4,,
315,RAFE5,RAFE5A,,RAFE,5,7/5/2017,2.9,2.4,240,200,1.83,1.77,1.26,3,,3,,
530,RAFE-B1,,Bonus,RAFE,,8/10/2017,8.8,6.5,NA,NA,3.9,3.76,3.52,3,4898,3,4898,
197,RAGU1,,,RAGU,1,6/20/2017,1.1,NA,86,15,1.73,NA,NA,4,,4,,
176,RAGU2,,,RAGU,2,6/21/2017,"2.9,1.9,1.1",1.6,170,90,4.57,3.46,3.49,4,,4,,
179,RAGU3,,,RAGU,3,6/21/2017,5.2,3.2,286,205,7.85,7.51,8.77,3,,3,,
49,RAGU4,,,RAGU,4,6/29/2017,14,"8, 10.6",570,240,19.53,17.12,17.7,4,,4,,
234,RAGU5,,,RAGU,5,7/7/2017,9.3,"5.2,3.5",365,170,9.35,10.51,14.58,4,,4,,
277,RALA1,RALI-A,,RALA,1,6/16/2017,5.9,5.6,380,140,1.86,1.91,1.44,3,5075,3,5075,
279,RAUM1,RAUM-A,,RAUM,1,6/16/2017,7.5,7.1,600,190,6.25,6.11,5.3,4,5024,4,5024,
268,RAUM2,RAUM-B,,RAUM,2,6/15/2017,10.7,7.5,550,210,3.05,3.68,2.9,,1057,,1057,
89,RAUM3,,,RAUM,3,6/16/2017,3.6,2.8,375,170,2.62,3.18,2.04,4,,4,,
235,RAUM4,,,RAUM,4,7/7/2017,2.4,"1.3,1.1",255,105,1.44,1.54,2.15,4,,4,,
291,RAUM5,,,RAUM,5,7/11/2017,2.3,1.5,290,140,2.11,NA,NA,3,,3,,
507,RAUM-B1,,Bonus,RAUM,,8/10/2017,14.5,12.8,NA,NA,8.49,6.93,6.61,4,881,4,881,
1,ROMO1,,,ROMO,1,6/23/2017,13.6,"8.5, 13",510,140,15.96,12.44,10.25,5,,5,,
4,ROMO2,,,ROMO,2,6/23/2017,8.5,7.6,310,190,9.69,11.99,11.78,3,,3,,
5,ROMO3,,,ROMO,3,6/23/2017,7.2,7.3,430,130,6.42,6.89,5.49,5,,5,,
6,ROMO4,,,ROMO,4,6/23/2017,8,"4.3, 4.8",270,140,9.07,7.27,8.69,4,,4,,
309,ROMO5,,,ROMO,5,7/5/2017,3.8,1.658,220,76,6.64,4.03,4.07,3,,3,,
276,SCVI1,SCVI-A,,SCVI,1,6/16/2017,1.8,1.3,230,40,1.7,1.56,1.67,4,5091,4,5091,
85,SCVI2,,,SCVI,2,6/16/2017,2.05,".92,.8",280,30,1.9,2.15,2.47,4,,4,,
208,SCVI3,,,SCVI,3,6/20/2017,1.56,0.79,160,50,0.53,NA,NA,3,,3,,
188,SCVI4,,,SCVI,4,6/20/2017,2.24,1.79,305,181,1.83,1.76,1.81,4,,4,,
40,SCVI5,,,SCVI,5,6/29/2017,3.5,"2.5, 1.9",245,150,2.12,1.97,2.14,4,,4,,
212,SIGU1,,,SIGU,1,6/20/2017,0.71,0.55,135,40,1.05,NA,NA,3,,3,,
370,SIGU2,,,SIGU,2,7/15/2017,5.9,5.2,600,244,2.25,2.98,2.96,3,9144,3,9144,
333,SIGU3,,,SIGU,3,7/14/2017,"1.39,1.29","1.09,.82",240,35,0.96,0.99,NA,2,,2,,
337,SIGU4,,,SIGU,4,7/14/2017,3.9,3.4,650,262,2.2,1.84,2.11,3,,3,,
372,SIGU5,,,SIGU,5,7/15/2017,1.122,1.361,306,80,0.71,NA,NA,3,,3,,
378,SIGU6,CALU2,,SIGU,6,7/20/2017,6.7,"4.3,3.2",660,432,2.19,2.71,2.67,3,3821,3,3821,
124,SOLY1,,,SOLY,1,6/15/2017,"1.56,2.04",NA,120,0,2.03,1.99,2.18,4,,4,,
216,SOLY2,,,SOLY,2,6/20/2017,0.947,NA,110,40,0.92,NA,NA,4,,4,,
217,SOLY3,,,SOLY,3,6/20/2017,0.785,NA,90,40,0.78,NA,NA,4,,4,,
194,SOLY4,,,SOLY,4,6/20/2017,1.46,NA,100,15,1.37,NA,NA,4,,4,,
211,SOLY5,SOLY1,,SOLY,5,6/20/2017,1.92,1.23,100,5,1.96,NA,NA,4,,4,,
19,STAD1,,,STAD,1,6/23/2017,3.1,NA,110,50,5.81,5.91,5,4,,4,,
34,STAD2,,,STAD,2,6/29/2017,3.8,2.8,225,105,5.8,7.09,6.57,3,,3,,
68,STAD3,,,STAD,3,6/29/2017,6.5,6,345,60,10.98,10.61,11.6,4,,4,,
409,STAD4,,,STAD,4,7/18/2017,1.53,0.4,140,30,1.82,NA,NA,3,,3,,
469,STAD5,,,STAD,5,8/3/2017,1.1,NA,65,25,0.8,NA,NA,4,,4,,
114,STCA1,,,STCA,1,6/15/2017,5.9,5.5,350,220,4.08,3.96,4.87,4,,4,,
116,STCA2,,,STCA,2,6/15/2017,6.8,"6,5.3",340,170,4.9,4.98,5.32,4,,4,,
110,STCA3,,,STCA,3,6/15/2017,4,3,250,98,1.88,1.77,2.27,4,,4,,
137,STCA4,,,STCA,4,6/14/2017,4.2,"2.13,2.25",292,132,3.12,2.39,2.23,4,,4,,
31,STCA5,,,STCA,5,6/29/2017,1.77,1.33,203,90,0.95,1.23,1.06,4,,4,,
2,STCA6,STCA4,,STCA,6,6/23/2017,"8, 6","3.2, 4.6, 2.5, 3.5",340,100,6.63,5.13,5.18,4,,4,,
529,STCA-B1,,Bonus,STCA,,8/10/2017,8.8,7.5,NA,NA,3.3,2.89,3.1,2,4894,2,4894,
87,STFE1,,,STFE,1,6/16/2017,"14,15.3,17","11.7,12.6,14.5",582,150,23.9,18.75,23.6,5,,5,,
204,STFE2,,,STFE,2,6/20/2017,19.2,18.1,645,170,39.02,30.87,39.06,5,,5,,
206,STFE3,,,STFE,3,6/20/2017,18.5,16.8,460,120,10.4,16.78,18.9,5,,5,,
207,STFE4,,,STFE,4,6/20/2017,15,9.5,390,100,20.3,14.04,16.27,5,,5,,
174,STFE5,,,STFE,5,6/21/2017,11.1,7.7,405,150,20.1,18.6,18.77,5,,5,,
192,STFE6,STFE4,,STFE,6,6/20/2017,17.7,15.5,265,70,27.23,26.96,30.77,4,[duplicate of STFE4 -- this one is later in the day and reassigned STFE6. Bags mislabeled as duplicate STFE3? I think -- changed on other sheets as well -- SF 082317],4,[duplicate of STFE4 -- this one is later in the day and reassigned STFE6. Bags mislabeled as duplicate STFE3? I think -- changed on other sheets as well -- SF 082317],
201,STPO1,STPO???,,STPO ,1,6/20/2017,6,5.2,588,217,6.83,7.33,6.11,3,,3,,
94,STRO1,,,STRO,1,6/15/2017,14.5,14.7,460,270,14.52,21.83,17.06,4,,4,,
109,STRO2,,,STRO,2,6/15/2017,6.8,"4,4.5",325,160,8.19,8.95,8.31,5,,5,,
252,STRO3,,,STRO,3,6/12/2017,5.7,"3.7,3.5",300,126,5.84,5.64,6.38,4,,4,,
250,STRO4,,,STRO,4,6/12/2017,10,8.5,370,161,3.22,3.02,2.73,4,,4,,
47,STRO5,,,STRO,5,6/29/2017,5.5,4.2,260,110,6.02,6.06,6.83,4,,4,,
364,STRO6,,,STRO,6,7/24/2017,2.37,NA,110,50,2.25,NA,NA,0,2743,0,2743,
240,STRO7,T2,,STRO,7,6/10/2017,5.1,3.9,194,138,7.49,7.21,7.55,3,,3,,
542,STRO-B1,,Bonus,STRO,,8/10/2017,20.2,19.4,NA,NA,21.51,18.78,17.61,4,,4,,
43,SYPU1,,,SYPU,1,6/29/2017,2.4,1.9,320,160,1.85,1.78,1.61,3,,3,,
62,SYPU2,,,SYPU,2,6/29/2017,2.2,1.7,290,195,1.89,1.47,1.8,2,,2,,
319,SYPU3,,,SYPU,3,7/5/2017,4.8,3,450,215,10.59,10.51,13.96,3,,3,,
233,SYPU4,,,SYPU,4,7/7/2017,7.5,5.3,420,160,5.7,5.1,4.4,4,,4,,
238,SYPU5,,,SYPU,5,7/7/2017,"10,5,4.5","7.5,5,4",615,170,5.9,6.06,4.72,4,,4,,
145,TACA1,,,TACA,1,6/14/2017,3.8,2.87,205,64,3.3,4.5,5.08,4,,4,,
143,TACA2,,,TACA,2,6/14/2017,4.4,"2.5,1.9",260,91,3.88,4.12,3.89,5,,5,,
133,TACA3,,,TACA,3,6/14/2017,7.8,5.1,272,45,6.61,8.02,7.42,4,,4,,
158,TACA4,,,TACA,4,6/14/2017,"9.3,5.7,12.3","9.7,7.5",332,60,8.05,9.09,8.18,4,,4,,
247,TACA5,,,TACA,5,6/12/2017,19.8,"5.1,3.5,11,6.8",400,80,8.52,7.91,7.81,5,,5,,
271,TAGU1,TAGU-A,,TAGU,1,6/15/2017,6,5,500,190,3.24,3.36,2.67,,1243,,1243,
264,TAGU2,TAGU-B,,TAGU,2,6/15/2017,6,5.4,700,220,2.76,2.46,2.53,,1513,,1513,
81,TAGU3,,,TAGU,3,6/16/2017,8.5,7.6,535,80,3.52,3.28,4.34,5,,5,,
263,TAGU3,TAGU-C,,TAGU,3,6/15/2017,6.9,6,700,300,2.27,3.18,2.88,,1533,,1533,
221,TAGU5,,,TAGU,5,7/7/2017,3,2.53,312,236,2.07,1.85,2.06,3,,3,,
503,TAGU-B1,,Bonus,TAGU,,8/9/2017,31.9,28.4,1050,540,8.2,8.68,7.5,5,no core,5,no core,
129,TAOC1,,,TAOC,1,6/15/2017,4.5,".5,.5",170,110,11.1,15.5,11,4,,4,,
125,TAOC2,,,TAOC,2,6/15/2017,2.92,0.48,150,80,10.8,11.1,8.01,4,,4,,
226,TAOC4,,,TAOC,4,7/7/2017,6,4.9,205,130,20.46,11.47,13.56,4,,4,,
366,TAOC5,,,TAOC,5,7/15/2017,5.1,3.7,440,229,8.49,11.65,10.02,2,2743,2,2743,
425,TAOC3,TAOC6,,TAOC,3,7/26/2017,3.23,NA,120,80,10.38,NA,NA,4,,4,,
16,TEGL1,,,TEGL,1,6/23/2017,"21.1, 8.2, 5.2 ,6.2","4.2, 5, 8.2, 19.3",930,140,11.11,11.1,9.6,5,,5,,
55,TEGL2,,,TEGL,2,6/29/2017,1.6,0.8,155,100,1.1,NA,NA,2,,2,,
56,TEGL3,,,TEGL,3,6/29/2017,2.4,1.8,160,120,3.5,3.17,2.72,3,,3,,
57,TEGL4,,,TEGL,4,6/29/2017,3.2,2.6,275,200,3.66,3.21,3.09,3,,3,,
419,TEGL5,,,TEGL,5,7/26/2017,14.6,13.7,530,337,8.11,8.86,8.57,3,,3,,
462,TEGLB1,,Bonus,TEGL,,8/3/2017,76,"25.8,21.2,29.8,29.4,19.3",1300,340,19.55,10.82,13.79,5,1372,5,1372,
91,TOFO1,,,TOFO,1,6/15/2017,1.5,1.05,150,134,0.76,NA,NA,3,,3,,
209,TOFO2,,,TOFO,2,6/20/2017,1.4,0.93,175,80,1.28,NA,NA,4,,4,,
210,TOFO3,,,TOFO,3,6/20/2017,1.33,0.74,140,95,1.31,NA,NA,5,,5,,
196,TOFO4,,,TOFO,4,6/20/2017,1.45,0.49,137,105,1.1,NA,NA,3,,3,,
313,TOFO5,,,TOFO,5,7/5/2017,1.67,1.23,205,140,0.72,NA,NA,3,,3,,
105,VOTU1,,,VOTU,1,6/15/2017,11.3,8.6,520,50,8.93,10.58,10.07,5,,5,,
160,VOTU2,,,VOTU,2,6/14/2017,"8.3,10.4","5.4,7",420,20,6.4,6.81,6.22,5,,5,,
254,VOTU3,,,VOTU,3,6/15/2017,7,5.8,450,140,6.8,6.6,6.14,,8355,,8355,
297,VOTU5,,,VOTU,4,7/11/2017,7,5.3,340,130,6.3,6.98,7.95,4,,4,,
241,VOTU6,T3,,VOTU,6,6/10/2017,11.2,"8.5,5",430,158,8.34,9.72,8.78,4,,4,,
255,VOTU4,VOTU-A,,VOTU,4,6/15/2017,6.3,5,450,110,8.02,6.38,7.01,,8340,,8340,
496,VOTU-B1,,Bonus,VOTU,,8/9/2017,35.5,29.7,820,456,22.41,20.47,22.56,5,long core,5,long core,
501,VOTU-B2,,Bonus,VOTU,,8/9/2017,45.5,47.5,1050,309,21.09,29.08,30.06,4,no core,4,no core,
505,VOTU-B3,,Bonus,VOTU,,8/10/2017,48.8,45.5,NA,NA,28.48,29.06,31.25,4,,4,,
506,VOTU-B4,,Bonus,VOTU,,8/10/2017,26.5,25.6,NA,NA,21.12,21.43,21.98,4,long core,4,long core,
516,VOTU-B5,,Bonus,VOTU,,8/10/2017,56,53.4,NA,NA,26.93,32.61,27.91,5,2016,5,2016,
534,VOTU-B6,,Bonus,VOTU,,8/10/2017,18,16.1,NA,NA,13.59,14.14,13.37,4,core,4,core,
543,VOTU-B7,,Bonus,VOTU,,8/10/2017,26.8,22.4,NA,NA,16.69,19.88,16.22,3,core,3,core,
544,VOTU-B8,,Bonus,VOTU,,8/10/2017,15.2,14,NA,NA,16.64,21.09,17.65,3,core,3,core,
153,ZARH1,,,ZARH,1,6/14/2017,2.18,NA,115,50,2.07,1.96,1.89,5,,5,,
28,ZARH2,,,ZARH,2,6/23/2017,0.9,NA,120,100,0.7,NA,NA,3,,3,,
66,ZARH3,,,ZARH,3,6/29/2017,2,1.2,150,30,1.78,2.48,1.91,2,,2,,
459,ZARH4,,,ZARH,4,8/3/2017,18,15.6,1400,724,4.78,3.8,4.02,4,,4,,
467,ZARH5,,,ZARH,5,8/3/2017,12,10.1,910,415,4.5,4.33,2.65,4,2058,4,2058,
41,ZEMO2,,,ZEMO,2,6/29/2017,1.78,NA,120,20,4.57,NA,NA,4,,4,,
51,ZEMO3,,,ZEMO,3,6/29/2017,2.8,"1.34, 1",240,130,3.58,4.06,4.06,4,,4,,
408,ZEMO4,,,ZEMO,4,7/18/2017,1.16,NA,110,20,1.18,NA,NA,4,,4,,
472,ZEMO5,,,ZEMO,5,8/3/2017,1.26,0.69,190,20,2.06,NA,NA,4,,4,,
274,ZEMO1,ZEMO-A,,ZEMO,1,6/15/2017,4.6,4.1,280,110,6.4,7.08,9.31,NA,1197,,1197,
546,nAEVE1,,Bonus,AEVE,1,4-Jun,3.6,2.1,266,180,NA,NA,NA,4,,,,
547,nAEVE2,,Bonus,AEVE,2,4-Jun,3.7,3.2,302,129,NA,NA,NA,4,,,,
548,nAEVE3,,Bonus,AEVE,3,4-Jun,3,2.2,262,160,NA,NA,NA,4,,,,
549,nAEVE4,,Bonus,AEVE,4,4-Jun,3.4,2,248,182,NA,NA,NA,5,,,,
550,nAEVE5,,Bonus,AEVE,5,4-Jun,2,2.7,167,72,NA,NA,NA,5,,,,
551,nAEVE6,,Bonus,AEVE,6,19-Jun,4.7,3.5,300,140,NA,NA,NA,4,,,,
552,nAMIN1,,Bonus,AMIN,1,25-Jun,8.8,"3.7,6.8,2.9",517,90,4.05,3.21,4.46,3,,,,
553,nAMIN2,,Bonus,AMIN,2,11-Jul,4.5,"2.9,3.3",485,197,2.93,2.31,2.46,3,,,,
554,nAMIN3,,Bonus,AMIN,3,11-Jul,6.5,5.6,682,330,3.09,3.28,2.98,3,,,,
555,nAMIN4,,Bonus,AMIN,4,11-Jul,4.2,3.5,401,253,2.43,2.78,2.08,3,,,,
556,nAMIN5,,Bonus,AMIN,5,11-Jul,7.8,"4.5,5.1",504,160,3.08,3.58,5.35,4,,,,
557,nANCR1,,Bonus,ANCR,1,20-Jun,11.8,10.4,464,170,NA,NA,NA,5,,,,
558,nANCR2,,Bonus,ANCR,2,20-Jun,15,12.5,542,240,NA,NA,NA,5,,,,
559,nANCR3,,Bonus,ANCR,3,21-Jun,9.9,8,444,40,NA,NA,NA,4,,,,
560,nANCR4,,Bonus,ANCR,4,19-Jun,17.2,16.2,539,130,NA,NA,NA,5,,,,
561,nANCR5,,Bonus,ANCR,5,19-Jun,14.6,13.8,404,130,NA,NA,NA,5,,,,
562,nANFA1,,Bonus,ANFA,1,20-Jul,33.5,32.1,1600,650,50.5,52.33,70.18,4,,,,
563,nANFA10,,Bonus,ANFA,10,11-Jul,16.7,15.7,617,467,NA,NA,NA,4,,,,
564,nANFA2,,Bonus,ANFA,2,29-Jun,8,6.6,401,20,15.53,15.3,19.61,4,,,,
565,nANFA3,,Bonus,ANFA,3,29-Jun,11.6,9.6,415,130,22.44,23.54,23.18,4,,,,
566,nANFA4,,Bonus,ANFA,4,29-Jun,9.7,8,445,80,18.06,21.55,22.7,4,,,,
567,nANFA5,,Bonus,ANFA,5,29-Jun,11.2,10,556,235,23.3,21.19,23.98,4,,,,
568,nANFA6,,Bonus,ANFA,6,29-Jun,9.5,8.9,475,215,14.92,19.65,14.06,4,,,,
569,nANFA7,,Bonus,ANFA,7,29-Jun,16.4,14.7,544,175,36.55,38.87,41.29,5,,,,
570,nANFA8,,Bonus,ANFA,8,29-Jun,7.5,6.2,402,90,12.06,16.02,15.98,4,,,,
571,nANFA9,,Bonus,ANFA,9,29-Jun,5.8,5.2,283,109,12.33,12.25,12.77,4,,,,
572,nCAAD1,,Bonus,CAAD,1,8-Jul,2,".9,.8,.8",211,126,1.75,NA,NA,4,,,,
573,nCAAD2,,Bonus,CAAD,2,8-Jul,2.9,1.9,232,110,3.06,NA,NA,4,,,,
574,nCAAD3,,Bonus,CAAD,3,8-Jul,2.1,".7,.7,.6,.6",181,90,1.88,NA,NA,4,,,,
575,nCAAD4,,Bonus,CAAD,4,8-Jul,2.7,"1.7,1,1,.8,.7",190,80,1.98,NA,NA,4,,,,
576,nCAAD5,,Bonus,CAAD,5,8-Jul,4.1,"1.1,1.1,1.2,1.3",191,140,2.8,NA,NA,4,,,,
577,nCASY1,,Bonus,CASY,1,26-Jul,2.4,1,205,90,NA,NA,NA,4,,,,
578,nCASY2,,Bonus,CASY,2,26-Jul,4,2,250,100,NA,NA,NA,4,,,,
579,nCASY3,,Bonus,CASY,3,26-Jul,5.5,2,217,135,NA,NA,NA,4,,,,
580,nCASY4,,Bonus,CASY,4,26-Jul,2.8,1.7,198,100,6.87,6.34,NA,4,,,,
581,nCASY5,,Bonus,CASY,5,26-Jul,1.6,1,162,115,2.66,NA,NA,4,,,,
582,nCOLA1,,Bonus,COLA,1,3-Jul,13.5,9.9,722,270,18.68,11.88,10.38,4,,,,
583,nCOLA2,,Bonus,COLA,2,29-Jun,25.5,21.6,1200,320,18.99,15.42,17.75,4,,,,
584,nCOLA3,,Bonus,COLA,3,3-Jul,15.7,12.8,900,400,16.07,12.83,10.55,4,,,,
585,nCOLA4,,Bonus,COLA,4,3-Jul,8,4.8,389,130,9.59,8.07,10.55,3,,,,
586,nCOLA5,,Bonus,COLA,5,10-Jul,26.6,24.8,1040,550,27.67,21.28,18.73,5,,,,
587,nDIMO1,,Bonus,DIMO,1,26-Jul,11,8.6,451,150,NA,NA,NA,5,,,,
588,nDIMO2,,Bonus,DIMO,2,26-Jul,6.2,5.4,356,150,9.32,NA,NA,5,,,,
589,nDIMO3,,Bonus,DIMO,3,26-Jul,10.8,"8.5,5.9",370,110,17.67,NA,NA,5,,,,
590,nDIMO4,,Bonus,DIMO,4,26-Jul,8.2,5.9,365,130,NA,NA,NA,5,,,,
591,nDIMO5,,Bonus,DIMO,5,26-Jul,4.8,3.2,240,90,11.32,NA,NA,5,,,,
592,nERGR1,,Bonus,ERGR,1,27-Jul,13.5,10.5,392,80,17.84,20.5,17.89,5,,,,
593,nERGR2,,Bonus,ERGR,2,27-Jul,12,9.8,382,185,17.1,21.19,20.39,5,,,,
594,nERGR3,,Bonus,ERGR,3,27-Jul,12,11,382,70,20.19,22.57,19.28,5,,,,
595,nERGR4,,Bonus,ERGR,4,27-Jul,11.7,8.8,364,90,14.39,18.66,20.48,5,,,,
596,nERGR5,,Bonus,ERGR,5,27-Jul,8.8,7,277,120,15.88,17.01,14.1,5,,,,
597,nGOBA1,,Bonus,GOBA,1,7-Jul,5,"1,1,1,1,1",230,115,2.31,NA,NA,4,,,,
598,nGOBA2,,Bonus,GOBA,2,7-Jul,2.5,"1.7,1",277,105,2.01,NA,NA,5,,,,
599,nGOBA3,,Bonus,GOBA,3,7-Jul,2.6,2,237,90,2,NA,NA,5,,,,
600,nGOBA4,,Bonus,GOBA,4,7-Jul,3,"1.4,1.6,1,.9",238,120,2.19,NA,NA,5,,,,
601,nGOBA5,,Bonus,GOBA,5,7-Jul,2,".5,.5,.5,.5,.5",182,80,1.45,NA,NA,5,,,,
602,nGOPO1,,Bonus,GOPO,1,24-May,17,16.4,420,40,NA,NA,NA,5,,,,
603,nGOPO10,,Bonus,GOPO,10,31-May,6.2,5.4,301,60,NA,NA,NA,5,,,,
604,nGOPO11,,Bonus,GOPO,11,31-May,6.8,"4.5, 4.0",325,60,NA,NA,NA,5,,,,
605,nGOPO12,,Bonus,GOPO,12,31-May,7.2,4.5,322,75,NA,NA,NA,5,,,,
606,nGOPO13,,Bonus,GOPO,13,31-May,6,5.4,361,153,NA,NA,NA,5,,,,
607,nGOPO14,,Bonus,GOPO,14,31-May,16,12.3,476,55,NA,NA,NA,5,,,,
608,nGOPO15,,Bonus,GOPO,15,19-Jun,37.5,"16.4,14.5,11.6,17,11.5",630,50,NA,NA,NA,5,,,,
609,nGOPO2,,Bonus,GOPO,2,28-May,7.7,3.4,340,120,NA,NA,NA,5,,,,
610,nGOPO3,,Bonus,GOPO,3,29-May,10.5,"2.4, 2.0",230,120,NA,NA,NA,5,,,,
611,nGOPO4,,Bonus,GOPO,4,29-May,7.8,7,315,110,NA,NA,NA,5,,,,
612,nGOPO5,,Bonus,GOPO,5,29-May,"8.2, 6.0","4, 5, 5.4, 3.6, 5.4",355,120,NA,NA,NA,5,,,,
613,nGOPO6,,Bonus,GOPO,6,29-May,6.8,4.1,280,111,NA,NA,NA,5,,,,
614,nGOPO7,,Bonus,GOPO,7,29-May,9.5,"1.7, 2.0",230,40,NA,NA,NA,5,,,,
615,nGOPO8,,Bonus,GOPO,8,31-May,2,1.1,225,67,NA,NA,NA,5,,,,
616,nGOPO9,,Bonus,GOPO,9,31-May,2.8,1.5,230,77,NA,NA,NA,5,,,,
617,nLAHA1,,Bonus,LAHA,1,28-May,2,1.5,170,16,NA,NA,NA,2,,,,
618,nLEEL1,,Bonus,LEEL,1,16-Jun,5.2,3.7,231,100,NA,NA,NA,4,,,,
619,nLEEL10,,Bonus,LEEL,10,17-Jun,8.3,"6.1,5.2",260,136,22.14,24.63,22.9,3,,,,
620,nLEEL2,,Bonus,LEEL,2,16-Jun,4.7,3.5,242,100,NA,NA,NA,3,,,,
621,nLEEL3,,Bonus,LEEL,3,16-Jun,5.6,"2.2,2",242,80,NA,NA,NA,3,,,,
622,nLEEL4,,Bonus,LEEL,4,16-Jun,7,6.4,311,130,NA,NA,NA,3,,,,
623,nLEEL5,,Bonus,LEEL,5,17-Jun,7.9,7.3,335,170,20.93,24.68,22.44,4,,,,
624,nLEEL6,,Bonus,LEEL,6,17-Jun,8,6.8,332,127,17.9,17.55,20.7,4,,,,
625,nLEEL7,,Bonus,LEEL,7,17-Jun,6.4,"1,1,1,1",160,80,14.01,16.42,14.44,4,,,,
626,nLEEL8,,Bonus,LEEL,8,17-Jun,6.5,"4,2.9",188,70,16.72,18.71,22.72,4,,,,
627,nLEEL9,,Bonus,LEEL,9,17-Jun,7.6,6,254,120,23.73,25,21.62,3,,,,
628,nMAAC1,,Bonus,MAAC,1,2-Jun,5,2.7,265,110,NA,NA,NA,5,,,,
629,nMAAC10,,Bonus,MAAC,10,17-Jun,7.9,"5.8,2.8",398,170,NA,NA,NA,4,,,,
630,nMAAC2,,Bonus,MAAC,2,2-Jun,2.6,1,177,80,NA,NA,NA,5,,,,
631,nMAAC3,,Bonus,MAAC,3,2-Jun,"2.3, 4.4","1.2, 1.4, 1.2",195,100,NA,NA,NA,5,,,,
632,nMAAC4,,Bonus,MAAC,4,2-Jun,1.8,0.8,172,70,NA,NA,NA,5,,,,
633,nMAAC5,,Bonus,MAAC,5,2-Jun,"10.2, 7.5","9.7, 7.5",487,200,NA,NA,NA,5,,,,
634,nMAAC6,,Bonus,MAAC,6,18-Jun,20.9,21.2,740,460,NA,NA,NA,5,,,,
635,nMAAC7,,Bonus,MAAC,7,18-Jun,12.5,12,546,252,NA,NA,NA,4,,,,
636,nMAAC8,,Bonus,MAAC,8,16-Jun,5,3.8,342,145,NA,NA,NA,4,,,,
637,nMAAC9,,Bonus,MAAC,9,25-Jun,10.2,9.5,383,120,NA,NA,NA,4,,,,
638,nMABR1,,Bonus,MABR,1,6-Jul,9.4,8,686,170,4.4,4.41,2.76,4,,,,
639,nMABR2,,Bonus,MABR,2,6-Jul,32.2,27.8,1300,570,8.46,8.8,9.88,5,,,,
640,nMABR3,,Bonus,MABR,3,6-Jul,14.5,10.7,741,224,4.73,7.11,4.62,5,,,,
641,nMABR4,,Bonus,MABR,4,6-Jul,14,12.5,850,296,5.48,6.44,4.86,5,,,,
642,nMABR5,,Bonus,MABR,5,6-Jul,10,9.2,757,460,4.16,3.25,3.31,5,,,,
643,nMAEL1,,Bonus,MAEL,1,19-Jun,2.5,1.5,219,55,2.18,NA,NA,4,,,,
644,nMAEL2,,Bonus,MAEL,2,5-Jul,"13.4,12","11.9,11.2",713,210,6.65,5.88,5.99,5,,,,
645,nMAEL3,,Bonus,MAEL,3,7-Jul,8.5,6.5,335,125,5.05,5.25,4.19,5,,,,
646,nMAEL4,,Bonus,MAEL,4,14-Jul,4.2,"2.8,2.7",379,110,2.2,2.1,2.06,4,,,,
647,nMAEL5,,Bonus,MAEL,5,14-Jul,3.5,2.1,296,90,3.06,2.35,2.69,5,,,,
648,nMIAL1,,Bonus,MIAL,1,12-Jul,4.8,"2.3,1.7",276,40,4.33,5.28,4.5,4,,,,
649,nMIAL2,,Bonus,MIAL,2,12-Jul,4.5,"1.5,1.6,1.3",259,30,4.45,5.12,4.25,4,,,,
650,nMIAL3,,Bonus,MIAL,3,12-Jul,6.1,"3.1,3.1,2.9",337,10,6.36,6.68,6.79,5,,,,
651,nMIAL4,,Bonus,MIAL,4,13-Jul,"6.5,5.5,5","4,3,2.1,2.3,2.5",272,30,4.1,7.55,6.6,4,,,,
652,nMIAL5,,Bonus,MIAL,5,13-Jul,"1.8,1.4",".7,.5,.5,.5",170,10,2.13,1.82,2.32,4,,,,
653,nMILI1,,Bonus,MILI,1,18-Jun,27,"9.9,16",673,100,NA,NA,NA,5,,,,
654,nMILI2,,Bonus,MILI,2,30-Jun,9.5,8,541,165,6.7,6.53,7.56,4,,,,
655,nMILI3,,Bonus,MILI,3,30-Jun,"10.2,10,8,7.6","8.6,7.7,9.5,10,6.2",388,140,7.44,8.15,7.68,4,,,,
656,nMILI4,,Bonus,MILI,4,30-Jun,8.2,"6.5,4.5",405,155,6.02,6.87,5.83,4,,,,
657,nMILI5,,Bonus,MILI,5,6-Jul,6.1,4.3,412,105,3.16,3.26,2.92,4,,,,
658,nMYFA1,,Bonus,MYFA,1,31-May,3.9,2.6,275,40,NA,NA,NA,5,,,,
659,nMYFA10,,Bonus,MYFA,10,13-Jul,13,"7.5,7.3,8.3",440,220,20.73,19.71,20.43,5,,,,
660,nMYFA11,,Bonus,MYFA,11,20-Jul,"5.5,5","4.5,5",292,130,NA,NA,NA,5,,,,
661,nMYFA2,,Bonus,MYFA,2,20-Jun,4.8,2.5,254,105,1.04,NA,NA,4,,,,
662,nMYFA3,,Bonus,MYFA,3,20-Jun,4,2.6,257,60,1.64,NA,NA,4,,,,
663,nMYFA4,,Bonus,MYFA,4,30-Jun,6,"3.2,3,2.3",322,70,8.7,7.53,9.73,4,,,,
664,nMYFA5,,Bonus,MYFA,5,4-Jul,8.9,7,506,140,9.07,10.17,10.5,5,,,,
665,nMYFA6,,Bonus,MYFA,6,4-Jul,8.7,10,377,170,0.81,NA,NA,4,,,,
666,nMYFA7,,Bonus,MYFA,7,4-Jul,6,3.5,326,140,9.55,8.35,7.22,4,,,,
667,nMYFA8,,Bonus,MYFA,8,4-Jul,4.7,2.9,392,188,5.31,5.14,4.39,4,,,,
668,nMYFA9,,Bonus,MYFA,9,NA,3.2,2,224,95,NA,NA,NA,3,,,,
669,nMYTO1,,Bonus,MYTO,1,16-Jun,4.8,2.7,320,115,NA,NA,NA,4,,,,
670,nMYTO2,,Bonus,MYTO,2,19-Jun,3.1,2.4,236,80,NA,NA,NA,4,,,,
671,nMYTO3,,Bonus,MYTO,3,5-Jul,8.5,"5,4.9,4.3,5",374,100,NA,NA,NA,4,,,,
672,nMYTO4,,Bonus,MYTO,4,5-Jul,8.4,"5.5,4.4",421,105,7.43,7.31,7.5,4,,,,
673,nMYTO5,,Bonus,MYTO,5,16-Jul,3.5,"2.2,1.9",282,130,4.84,4.15,3.27,4,,,,
674,nOCCO1,,Bonus,OCCO,1,31-May,4.1,2.5,330,60,NA,NA,NA,5,,,,
675,nOCCO10,,Bonus,OCCO,10,19-Jun,5.8,4.8,387,50,NA,NA,NA,5,,,,
676,nOCCO11,,Bonus,OCCO,11,6-Jul,10.5,10.4,488,178,6.69,6.8,5.32,4,,,,
677,nOCCO2,,Bonus,OCCO,2,31-May,4.5,3.5,394,105,NA,NA,NA,5,,,,
678,nOCCO3,,Bonus,OCCO,3,1-Jun,2,"1, 0.8",217,55,NA,NA,NA,5,,,,
679,nOCCO4,,Bonus,OCCO,4,1-Jun,3,2.3,280,90,NA,NA,NA,5,,,,
680,nOCCO5,,Bonus,OCCO,5,2-Jun,3.2,1.8,234,65,NA,NA,NA,5,,,,
681,nOCCO6,,Bonus,OCCO,6,16-Jun,18,17.5,621,10,NA,NA,NA,4,,,,
682,nOCCO7,,Bonus,OCCO,7,16-Jun,15.1,"12,8.1,8",473,170,NA,NA,NA,4,,,,
683,nOCCO8,,Bonus,OCCO,8,20-Jun,16.3,14.2,728,204,NA,NA,NA,5,,,,
684,nOCCO9,,Bonus,OCCO,9,19-Jun,"7.7,7.7",14.1,594,110,7.55,7.29,6.19,5,,,,
685,nOCPU1,,Bonus,OCPU,1,19-Jul,6.1,4,323,130,2,2.96,1.81,4,,,,
686,nOCPU2,,Bonus,OCPU,2,19-Jul,3.2,1.8,240,80,1.73,NA,NA,4,,,,
687,nOCPU3,,Bonus,OCPU,3,23-Jul,15.1,"7.7,7.9",516,130,NA,NA,NA,4,,,,
688,nOCPU4,,Bonus,OCPU,4,23-Jul,"4, 3.5","2.5,2.4",317,70,NA,NA,NA,4,,,,
689,nOCPU5,,Bonus,OCPU,5,23-Jul,9,6.9,382,115,NA,NA,NA,4,,,,
690,nOUSP1,,Bonus,OUSP,1,26-Jul,7,5.5,222,140,11.7,13.84,13.91,5,,,,
691,nOUSP2,,Bonus,OUSP,2,26-Jul,9.4,7.5,313,85,14.13,15.85,19.19,5,,,,
692,nOUSP3,,Bonus,OUSP,3,26-Jul,7.8,6.5,414,180,17.65,16.2,18.56,5,,,,
693,nOUSP4,,Bonus,OUSP,4,26-Jul,7,5.6,310,220,16.61,18.58,18.01,5,,,,
694,nOUSP5,,Bonus,OUSP,5,26-Jul,7.5,6,255,60,17.26,19.91,17.53,5,,,,
695,nPEOB1,,Bonus,PEOB,1,30-Jun,20.8,17.8,770,150,6.92,7.14,7.5,5,,,,
696,nPEOB10,,Bonus,PEOB,10,5-Jul,6.1,5.1,717,317,3.1,3.05,2.62,4,,,,
697,nPEOB2,,Bonus,PEOB,2,4-Jul,2.1,1.5,263,140,NA,NA,NA,3,,,,
698,nPEOB3,,Bonus,PEOB,3,4-Jul,3.3,1.9,340,105,2.48,2.94,2.44,4,,,,
699,nPEOB4,,Bonus,PEOB,4,2-Jun,4.8,3.4,313,60,NA,NA,NA,4,,,,
700,nPEOB5,,Bonus,PEOB,5,2-Jun,6,4.6,430,140,NA,NA,NA,5,,,,
701,nPEOB6,,Bonus,PEOB,6,2-Jun,4.3,"1, 1, 1, 1, 1, 1, 1, 1, 1",257,20,NA,NA,NA,5,,,,
702,nPEOB7,,Bonus,PEOB,7,21-Jun,"37,23.8","21,22.5,16.7,14.7",750,40,12.18,9.33,9.96,5,,,,
703,nPEOB8,,Bonus,PEOB,8,21-Jun,43,"18,29.1",800,30,12.03,10.21,8.41,5,,,,
704,nPEOB9,,Bonus,PEOB,9,4-Jul,2.7,1.8,266,50,1.93,2.08,2.25,4,,,,
705,nPIAX1,,Bonus,PIAX,1,10-Jul,15.9,14,860,231,11.9,12.79,10.3,5,,,,
706,nPIAX2,,Bonus,PIAX,2,10-Jul,24.5,23.2,1100,372,21.14,24.54,16.99,5,,,,
707,nPIAX3,,Bonus,PIAX,3,10-Jul,19,17.2,850,430,16.83,15.54,14.09,4,,,,
708,nPIAX4,,Bonus,PIAX,4,10-Jul,26.2,24.9,800,568,18.67,17.93,15.3,4,,,,
709,nPIAX5,,Bonus,PIAX,5,10-Jul,26.2,25,1050,700,13.43,21.71,18.45,5,,,,
710,nPLEL1,,Bonus,PLEL,1,11-Jun,11.4,"6.9,7.8",533,270,19.03,14.3,15.55,4,,,,
711,nPLPO1,,Bonus,PLPO,1,19-Jun,10.8,"8.1,8.5",465,60,NA,NA,NA,5,,,,
712,nPLPO2,,Bonus,PLPO,2,19-Jun,11.2,"6.9,6.6,5.2",448,140,NA,NA,NA,5,,,,
713,nPLPO3,,Bonus,PLPO,3,19-Jun,8,"4.5,4.2,7.8",253,55,9.2,9.77,9.96,5,,,,
714,nPLPO4,,Bonus,PLPO,4,19-Jun,9.2,7.8,390,181,NA,NA,NA,5,,,,
715,nPLPO5,,Bonus,PLPO,5,19-Jun,18,"10.5,17.1",606,67,12.56,13,19.99,5,,,,
716,nPRHE1,,Bonus,PRHE,1,18-Jul,4.9,4.5,541,150,3.2,3.53,3.58,5,,,,
717,nPRHE2,,Bonus,PRHE,2,18-Jul,5,4.6,504,254,2.49,2.63,2.34,4,,,,
718,nPRHE3,,Bonus,PRHE,3,18-Jul,4.9,4,470,223,2.93,2.96,3.4,4,,,,
719,nPRHE4,,Bonus,PRHE,4,18-Jul,3.8,3.3,431,155,2,2.23,1.55,3,,,,
720,nPRHE5,,Bonus,PRHE,5,18-Jul,5.9,5.3,572,150,2.77,2.93,2.26,4,,,,
721,nRAUM1,,Bonus,RAUM,1,28-May,3,2,311,183,NA,NA,NA,2,,,,
722,nRAUM11,,Bonus,RAUM,11,30-Jun,6.8,5.4,472,130,7.49,5.73,4.94,4,,,,
723,nRAUM10,,Bonus,RAUM,10,14-Jul,2.9,2.3,317,200,NA,NA,NA,4,,,,
724,nRAUM2,,Bonus,RAUM,2,30-Jun,4,3.6,348,150,2.83,2.52,2.68,4,,,,
725,nRAUM3,,Bonus,RAUM,3,29-Jun,5.8,4.5,371,140,5.48,4.83,3.04,5,,,,
726,nRAUM4,,Bonus,RAUM,4,29-Jun,4,3,315,115,3.72,3.58,3.08,4,,,,
727,nRAUM5,,Bonus,RAUM,5,5-Jul,3.7,2.5,277,120,3.1,3.51,3.31,4,,,,
728,nRAUM6,,Bonus,RAUM,6,14-Jul,3.8,3.2,374,202,2.12,1.78,1.5,3,,,,
729,nRAUM7,,Bonus,RAUM,7,14-Jul,3.4,3,377,105,2.36,1.3,1.57,4,,,,
730,nRAUM8,,Bonus,RAUM,8,14-Jul,4.7,4,396,65,3.01,2.94,4.37,3,,,,
731,nRAUM9,,Bonus,RAUM,9,14-Jul,5.3,4.4,461,145,2.86,1.79,2.26,3,,,,
732,nSCVIS1,,Bonus,SCVI,,27-Jul,1.7,0.9,170,60,1.15,NA,NA,2,,,,
733,nSCVIS2,,Bonus,SCVI,,27-Jul,3.7,"2,2.6",306,175,1.94,NA,NA,2,,,,
734,nSCVIS3,,Bonus,SCVI,,27-Jul,2.9,1.2,249,90,2.17,NA,NA,2,,,,
735,nSCVIS4,,Bonus,SCVI,,28-Jul,2.4,1.4,294,95,1.93,NA,NA,2,,,,
736,nSCVIS5,,Bonus,SCVI,,28-Jul,"5.1,4.9","3.2,3.1,3.5",364,0,2.02,NA,NA,2,,,,
737,nSIGU1,,Bonus,SIGU,,11-Jul,6,4.7,555,344,3.18,3.1,2.93,4,,,,
738,nSIGU2,,Bonus,SIGU,,11-Jul,7.2,4.8,567,266,2.88,4,3.38,4,,,,
739,nSIGU3,,Bonus,SIGU,,11-Jul,5,4.3,492,215,1.94,1.62,1.83,3,,,,
740,nSIGU4,,Bonus,SIGU,,11-Jul,5.3,4.9,508,334,1.86,1.88,2.37,3,,,,
741,nSIGU5,,Bonus,SIGU,,11-Jul,5.2,3.8,470,245,2.32,1.91,2.65,4,,,,
742,nSTCA1,,Bonus,STCA,,4-Jul,5.5,5.5,422,177,2.93,2.78,2.91,3,,,,
743,nSTCA2,,Bonus,STCA,,5-Jul,4.8,3,300,80,2.55,2.42,2.26,4,,,,
744,nSTCA3,,Bonus,STCA,,5-Jul,3.8,2.9,337,155,2.48,2.22,2.65,3,,,,
745,nSTCA4,,Bonus,STCA,,14-Jul,5.5,3.8,355,30,3.65,2.95,3.5,4,,,,
746,nSTCA5,,Bonus,STCA,,14-Jul,8,5.5,347,90,4.65,4.14,3.69,4,,,,
747,nSTRO1,,Bonus,STRO,,26-May,1.5,1,170,60,NA,NA,NA,1,,,,
748,nSTRO10,,Bonus,STRO,,20-Jun,4.7,"2.8,2.7",257,80,NA,NA,NA,4,,,,
749,nSTRO2,,Bonus,STRO,,28-May,6.2,4.9,290,80,NA,NA,NA,5,,,,
750,nSTRO3,,Bonus,STRO,,31-May,2.9,"1.2, 1.0",185,120,NA,NA,NA,5,,,,
751,nSTRO4,,Bonus,STRO,,31-May,7.4,"3.1, 2, 2.2, 2.7, 4.2, 2.6",245,105,NA,NA,NA,5,,,,
752,nSTRO5,,Bonus,STRO,,31-May,7.1,5.1,277,115,NA,NA,NA,5,,,,
753,nSTRO6,,Bonus,STRO,,20-Jun,7.8,7.6,344,160,NA,NA,NA,5,,,,
754,nSTRO7,,Bonus,STRO,,20-Jun,10.9,10.2,342,110,NA,NA,NA,5,,,,
755,nSTRO8,,Bonus,STRO,,20-Jun,7.8,6.8,456,232,NA,NA,NA,4,,,,
756,nSTRO9,,Bonus,STRO,,20-Jun,10,8.1,359,130,NA,NA,NA,4,,,,
757,nSYPU1,,Bonus,SYPU,,16-Jul,1.5,0.9,185,70,1.56,1.25,1.82,4,,,,
758,nSYPU2,,Bonus,SYPU,,16-Jul,2.7,2.1,343,130,2.1,2.02,2.24,3,,,,
759,nSYPU3,,Bonus,SYPU,,17-Jul,4.2,3.6,397,236,2.46,2.71,2.64,4,,,,
760,nSYPU4,,Bonus,SYPU,,17-Jul,5.7,4.3,470,188,6.23,6.47,5.35,4,,,,
761,nSYPU5,,Bonus,SYPU,,17-Jul,4.9,3.6,491,290,3.84,2.59,3.02,4,,,,
762,nTACA1,,Bonus,TACA,,20-Jun,"3,4.1,2.2","2.9,1,2.9",239,110,NA,NA,NA,4,,,,
763,nTACA2,,Bonus,TACA,,20-Jun,"4.9,3.2,6,3.2","5.4,3.9,2.4,2.6",358,80,NA,NA,NA,4,,,,
764,nTACA3,,Bonus,TACA,,20-Jun,7.7,6.2,323,50,NA,NA,NA,4,,,,
765,nTACA4,,Bonus,TACA,,20-Jun,11.5,5.8,344,30,NA,NA,NA,4,,,,
766,nTACA5,,Bonus,TACA,,21-Jun,13.5,13.3,461,60,7.98,6.13,7.33,5,,,,
767,nTAGU1,,Bonus,TAGU,,29-Jun,"11.5,6.2,8.8","9.6,6.6,4.8",515,178,3.85,4.58,4.32,4,,,,
768,nTAGU2,,Bonus,TAGU,,3-Jul,3.8,2.4,308,40,2.02,1.92,1.84,4,,,,
769,nTAGU3,,Bonus,TAGU,,3-Jul,2.4,1.3,218,50,NA,NA,NA,5,,,,
770,nTAGU4,,Bonus,TAGU,,3-Jul,4.6,4,429,50,2.46,2.05,2.22,5,,,,
771,nTAGU5,,Bonus,TAGU,,3-Jul,15.9,14.5,900,182,4.01,4.81,4.57,5,,,,
772,nTEGL1,,Bonus,TEGL,,NA,12.5,12,469,165,NA,NA,NA,4,,,,
773,nTEGL2,,Bonus,TEGL,,5-Jul,17.9,13.5,757,145,10.37,10.32,8.92,5,,,,
774,nTEGL3,,Bonus,TEGL,,5-Jul,12,10.8,1050,337,8.86,8.1,7.35,5,,,,
775,nTEGL4,,Bonus,TEGL,,14-Jul,29.4,32.9,1100,110,15.66,15.89,16.22,5,,,,
776,nVOTU1,,Bonus,VOTU,,28-May,6.4,2.5,360,143,NA,NA,NA,3,,,,
777,nVOTU10,,Bonus,VOTU,,30-Jun,7.2,6,453,115,6.53,7.24,6.27,4,,,,
778,nVOTU2,,Bonus,VOTU,,,10.1,"3.9, 2.5, 4.7, 2.6",330,30,NA,NA,NA,5,,,,
779,nVOTU3,,Bonus,VOTU,,,8.1,"3.2, 1.0, 1.6, 1.0",290,50,NA,NA,NA,5,,,,
780,nVOTU4,,Bonus,VOTU,,,4,2.8,280,40,NA,NA,NA,5,,,,
781,nVOTU5,,Bonus,VOTU,,,"3.1, 3.1, 1.8","1.2, 1.2, 1.0",215,30,NA,NA,NA,5,,,,
782,nVOTU6,,Bonus,VOTU,,,47.4,41.1,1400,626,21.92,25.17,25.33,5,,,,
783,nVOTU7,,Bonus,VOTU,,,"13.1,14.5","13.6,11.6",687,40,NA,NA,NA,5,,,,
784,nVOTU8,,Bonus,VOTU,,,60.5,"31.5,34.5",950,185,NA,NA,NA,5,,,,
785,nVOTU9,,Bonus,VOTU,,,13.7,11.6,452,70,NA,NA,NA,5,,,,
786,CECR1,,Bonus,CECR,,,17.8,15,1150,950,3.55,3.8,3.77,5,,,,
787,CECR2,,Bonus,CECR,,,3,2.3,280,255,1.3,1.36,1.77,4,,,,
788,CECR3,,Bonus,CECR,,,5,4.2,381,165,2.7,1.94,2.33,4,,,,
789,CECR4,,Bonus,CECR,,,8.7,"5.5,3.6",490,291,2.77,2.76,3.48,5,,,,
790,CECR5,,Bonus,CECR,,,11.6,"3.6,3.3,1.9",374,293,2.94,3.89,3.18,5,,,,
